unidade;setor;ano;mes;pacientes_lp;saidas;tx_lp
CHPB;CAC - CENTRO DE ACOLHIMENTO DE CRISE;2023;1;7;27;0,25925925925925924
CHPB;UNIDADE DE CUIDADOS CONTINUADOS INTEGRADOS;2023;1;5;13;0,38461538461538464
CHPB;UNIDADE INTERNAÇÃO - PSIQUIATRIA;2023;1;0;1;0,0
CHPB;CAC - CENTRO DE ACOLHIMENTO DE CRISE;2023;2;5;22;0,22727272727272727
CHPB;LAR INCLUSIVO;2023;2;1;1;1,0
CHPB;LAR INCLUSIVO B;2023;2;3;3;1,0
CHPB;UNIDADE DE CUIDADOS CONTINUADOS INTEGRADOS;2023;2;4;13;0,3076923076923077
CHPB;CAC - CENTRO DE ACOLHIMENTO DE CRISE;2023;3;11;31;0,3548387096774194
CHPB;LAR INCLUSIVO B;2023;3;2;2;1,0
CHPB;LAR INCLUSIVO C;2023;3;0;1;0,0
CHPB;LAR INCLUSIVO D;2023;3;1;1;1,0
CHPB;UNIDADE DE CUIDADOS CONTINUADOS INTEGRADOS;2023;3;9;15;0,6
CHPB;CAC - CENTRO DE ACOLHIMENTO DE CRISE;2023;4;9;26;0,34615384615384615
CHPB;LAR INCLUSIVO;2023;4;1;1;1,0
CHPB;UNIDADE DE CUIDADOS CONTINUADOS INTEGRADOS;2023;4;7;18;0,3888888888888889
CHPB;UNIDADE INTERNAÇÃO - PSIQUIATRIA;2023;4;0;1;0,0
CHPB;CAC - CENTRO DE ACOLHIMENTO DE CRISE;2023;5;4;43;0,09302325581395349
CHPB;UNIDADE DE CUIDADOS CONTINUADOS INTEGRADOS;2023;5;6;15;0,4
CHPB;UNIDADE INTERNAÇÃO - PSIQUIATRIA;2023;5;1;1;1,0
CHPB;CAC - CENTRO DE ACOLHIMENTO DE CRISE;2023;6;3;29;0,10344827586206896
CHPB;UNIDADE DE CUIDADOS CONTINUADOS INTEGRADOS;2023;6;10;16;0,625
CHPB;UNIDADE INTERNAÇÃO - PSIQUIATRIA;2023;6;0;2;0,0
CHPB;CAC - CENTRO DE ACOLHIMENTO DE CRISE;2023;7;3;37;0,08108108108108109
CHPB;UNIDADE DE CUIDADOS CONTINUADOS INTEGRADOS;2023;7;9;12;0,75
CHPB;CAC - CENTRO DE ACOLHIMENTO DE CRISE;2023;8;11;25;0,44
CHPB;UNIDADE DE CUIDADOS CONTINUADOS INTEGRADOS;2023;8;11;19;0,5789473684210527
CHPB;CAC - CENTRO DE ACOLHIMENTO DE CRISE;2023;9;5;22;0,22727272727272727
CHPB;UNIDADE DE CUIDADOS CONTINUADOS INTEGRADOS;2023;9;5;11;0,45454545454545453
CHPB;CAC - CENTRO DE ACOLHIMENTO DE CRISE;2023;10;10;36;0,2777777777777778
CHPB;UNIDADE DE CUIDADOS CONTINUADOS INTEGRADOS;2023;10;7;13;0,5384615384615384
CHPB;UNIDADE INTERNAÇÃO - PSIQUIATRIA;2023;10;1;1;1,0
CHPB;CAC - CENTRO DE ACOLHIMENTO DE CRISE;2023;11;4;25;0,16
CHPB;UNIDADE DE CUIDADOS CONTINUADOS INTEGRADOS;2023;11;6;11;0,5454545454545454
CHPB;CAC - CENTRO DE ACOLHIMENTO DE CRISE;2023;12;5;28;0,17857142857142858
CHPB;UNIDADE DE CUIDADOS CONTINUADOS INTEGRADOS;2023;12;10;19;0,5263157894736842
CHPB;UNIDADE INTERNAÇÃO - PSIQUIATRIA;2023;12;0;1;0,0
CHPB;CAC - CENTRO DE ACOLHIMENTO DE CRISE;2024;1;6;24;0,25
CHPB;UNIDADE DE CUIDADOS CONTINUADOS INTEGRADOS;2024;1;8;18;0,4444444444444444
CHPB;CAC - CENTRO DE ACOLHIMENTO DE CRISE;2024;2;2;34;0,058823529411764705
CHPB;UNIDADE DE CUIDADOS CONTINUADOS INTEGRADOS;2024;2;9;20;0,45
CHPB;UNIDADE INTERNAÇÃO - PSIQUIATRIA;2024;2;1;1;1,0
CHPB;CAC - CENTRO DE ACOLHIMENTO DE CRISE;2024;3;4;18;0,2222222222222222
CHPB;UNIDADE DE CUIDADOS CONTINUADOS INTEGRADOS;2024;3;4;16;0,25
CHPB;UNIDADE INTERNAÇÃO - PSIQUIATRIA;2024;3;1;1;1,0
CHPB;CAC - CENTRO DE ACOLHIMENTO DE CRISE;2024;4;7;29;0,2413793103448276
CHPB;UNIDADE DE CUIDADOS CONTINUADOS INTEGRADOS;2024;4;7;20;0,35
CHPB;CAC - CENTRO DE ACOLHIMENTO DE CRISE;2024;5;7;26;0,2692307692307692
CHPB;UNIDADE DE CUIDADOS CONTINUADOS INTEGRADOS;2024;5;6;14;0,42857142857142855
CHPB;UNIDADE INTERNAÇÃO - PSIQUIATRIA;2024;5;1;1;1,0
CHPB;CAC - CENTRO DE ACOLHIMENTO DE CRISE;2024;6;6;21;0,2857142857142857
CHPB;UIP-MASCULINA/CHPB/CHB;2024;6;2;8;0,25
CHPB;UNIDADE DE CUIDADOS CONTINUADOS INTEGRADOS;2024;6;9;13;0,6923076923076923
CHPB;UNIDADE DE CUIDADOS PROLONGADOS/CHPB/CHB;2024;6;0;1;0,0
CHPB;UIP-FEMININA/CHPB/CHB;2024;7;1;2;0,5
CHPB;UIP-MASCULINA/CHPB/CHB;2024;7;11;27;0,4074074074074074
CHPB;UNIDADE DE CUIDADOS PROLONGADOS/CHPB/CHB;2024;7;8;18;0,4444444444444444
CHPB;LAR INCLUSIVO A/CHPB/CHB;2024;8;1;1;1,0
CHPB;UIP-FEMININA/CHPB/CHB;2024;8;2;12;0,16666666666666666
CHPB;UIP-MASCULINA/CHPB/CHB;2024;8;4;14;0,2857142857142857
CHPB;UNIDADE DE CUIDADOS PROLONGADOS/CHPB/CHB;2024;8;7;16;0,4375
CHPB;CAC/CHPB/CHB;2024;9;1;1;1,0
CHPB;LAR INCLUSIVO B/CHPB/CHB;2024;9;1;1;1,0
CHPB;UIP-FEMININA/CHPB/CHB;2024;9;2;10;0,2
CHPB;UIP-MASCULINA/CHPB/CHB;2024;9;2;20;0,1
CHPB;UNIDADE DE CUIDADOS PROLONGADOS/CHPB/CHB;2024;9;8;13;0,6153846153846154
CHPB;LAR INCLUSIVO B/CHPB/CHB;2024;10;1;1;1,0
CHPB;UIP-FEMININA/CHPB/CHB;2024;10;0;8;0,0
CHPB;UIP-MASCULINA/CHPB/CHB;2024;10;4;20;0,2
CHPB;UNIDADE DE CUIDADOS PROLONGADOS/CHPB/CHB;2024;10;13;27;0,48148148148148145
CHPB;CAC/CHPB/CHB;2024;11;0;1;0,0
CHPB;LAR INCLUSIVO B/CHPB/CHB;2024;11;1;1;1,0
CHPB;UIP-FEMININA/CHPB/CHB;2024;11;5;11;0,45454545454545453
CHPB;UIP-MASCULINA/CHPB/CHB;2024;11;4;17;0,23529411764705882
CHPB;UNIDADE DE CUIDADOS PROLONGADOS/CHPB/CHB;2024;11;3;17;0,17647058823529413
CHPB;LAR INCLUSIVO A/CHPB/CHB;2024;12;4;4;1,0
CHPB;LAR INCLUSIVO B/CHPB/CHB;2024;12;1;1;1,0
CHPB;UIP-FEMININA/CHPB/CHB;2024;12;1;12;0,08333333333333333
CHPB;UIP-MASCULINA/CHPB/CHB;2024;12;1;24;0,041666666666666664
CHPB;UNIDADE DE CUIDADOS PROLONGADOS/CHPB/CHB;2024;12;6;16;0,375
CHPB;CAC/CHPB/CHB;2025;1;0;1;0,0
CHPB;LAR INCLUSIVO A/CHPB/CHB;2025;1;1;1;1,0
CHPB;LAR INCLUSIVO B/CHPB/CHB;2025;1;2;4;0,5
CHPB;UIP-FEMININA/CHPB/CHB;2025;1;1;7;0,14285714285714285
CHPB;UIP-MASCULINA/CHPB/CHB;2025;1;2;14;0,14285714285714285
CHPB;UNIDADE DE CUIDADOS PROLONGADOS/CHPB/CHB;2025;1;9;15;0,6
CHPB;UIP-FEMININA/CHPB/CHB;2025;2;1;11;0,09090909090909091
CHPB;UIP-MASCULINA/CHPB/CHB;2025;2;1;16;0,0625
CHPB;UNIDADE DE CUIDADOS PROLONGADOS/CHPB/CHB;2025;2;9;16;0,5625
CHPB;LAR INCLUSIVO B/CHPB/CHB;2025;3;1;1;1,0
CHPB;UIP-FEMININA/CHPB/CHB;2025;3;3;11;0,2727272727272727
CHPB;UIP-MASCULINA/CHPB/CHB;2025;3;4;21;0,19047619047619047
CHPB;UNIDADE DE CUIDADOS PROLONGADOS/CHPB/CHB;2025;3;5;16;0,3125
CHPB;LAR INCLUSIVO B/CHPB/CHB;2025;4;1;1;1,0
CHPB;UIP-FEMININA/CHPB/CHB;2025;4;1;13;0,07692307692307693
CHPB;UIP-MASCULINA/CHPB/CHB;2025;4;4;17;0,23529411764705882
CHPB;UNIDADE DE CUIDADOS PROLONGADOS/CHPB/CHB;2025;4;12;22;0,5454545454545454
CHPB;LAR INCLUSIVO A/CHPB/CHB;2025;5;1;1;1,0
CHPB;LAR INCLUSIVO B/CHPB/CHB;2025;5;1;1;1,0
CHPB;UIP-FEMININA/CHPB/CHB;2025;5;1;8;0,125
CHPB;UIP-MASCULINA/CHPB/CHB;2025;5;3;15;0,2
CHPB;UNIDADE DE CUIDADOS PROLONGADOS/CHPB/CHB;2025;5;7;22;0,3181818181818182
CHPB;LAR INCLUSIVO A/CHPB/CHB;2025;6;1;1;1,0
CHPB;UIP-FEMININA/CHPB/CHB;2025;6;2;11;0,18181818181818182
CHPB;UIP-MASCULINA/CHPB/CHB;2025;6;2;22;0,09090909090909091
CHPB;UNIDADE DE CUIDADOS PROLONGADOS/CHPB/CHB;2025;6;6;21;0,2857142857142857
CHPB;UIP-FEMININA/CHPB/CHB;2025;7;2;7;0,2857142857142857
CHPB;UIP-MASCULINA/CHPB/CHB;2025;7;4;11;0,36363636363636365
CHPB;UNIDADE DE CUIDADOS PROLONGADOS/CHPB/CHB;2025;7;7;24;0,2916666666666667
CHPB;UIP-FEMININA/CHPB/CHB;2025;8;3;12;0,25
CHPB;UIP-MASCULINA/CHPB/CHB;2025;8;2;15;0,13333333333333333
CHPB;UNIDADE DE CUIDADOS PROLONGADOS/CHPB/CHB;2025;8;5;19;0,2631578947368421
CHPB;LAR INCLUSIVO A/CHPB/CHB;2025;9;1;1;1,0
CHPB;UIP-FEMININA/CHPB/CHB;2025;9;1;5;0,2
CHPB;UIP-MASCULINA/CHPB/CHB;2025;9;1;10;0,1
CHPB;UNIDADE DE CUIDADOS PROLONGADOS/CHPB/CHB;2025;9;5;15;0,3333333333333333
CHPB;CAC/CHPB/CHB;2025;10;0;1;0,0
CHPB;UIP-FEMININA/CHPB/CHB;2025;10;1;7;0,14285714285714285
CHPB;UIP-MASCULINA/CHPB/CHB;2025;10;4;17;0,23529411764705882
CHPB;UNIDADE DE CUIDADOS PROLONGADOS/CHPB/CHB;2025;10;5;18;0,2777777777777778
CHPB;UIP-FEMININA/CHPB/CHB;2025;11;0;3;0,0
CHPB;UIP-MASCULINA/CHPB/CHB;2025;11;3;15;0,2
CHPB;UNIDADE DE CUIDADOS PROLONGADOS/CHPB/CHB;2025;11;9;15;0,6
CHPB;UIP-FEMININA/CHPB/CHB;2025;12;4;11;0,36363636363636365
CHPB;UIP-MASCULINA/CHPB/CHB;2025;12;1;8;0,125
CHPB;UNIDADE DE CUIDADOS PROLONGADOS/CHPB/CHB;2025;12;8;21;0,38095238095238093
CHPB;UIP-FEMININA/CHPB/CHB;2026;1;2;7;0,2857142857142857
CHPB;UIP-MASCULINA/CHPB/CHB;2026;1;5;19;0,2631578947368421
CHPB;UNIDADE DE CUIDADOS PROLONGADOS/CHPB/CHB;2026;1;7;18;0,3888888888888889
CHPB;CAC/CHPB/CHB;2026;2;2;2;1,0
CHPB;LAR INCLUSIVO A/CHPB/CHB;2026;2;1;1;1,0
CHPB;UIP-FEMININA/CHPB/CHB;2026;2;3;10;0,3
CHPB;UIP-MASCULINA/CHPB/CHB;2026;2;1;10;0,1
CHPB;UNIDADE DE CUIDADOS PROLONGADOS/CHPB/CHB;2026;2;7;19;0,3684210526315789
CHPB;LAR INCLUSIVO B/CHPB/CHB;2026;3;1;1;1,0
CHPB;UIP-FEMININA/CHPB/CHB;2026;3;1;8;0,125
CHPB;UIP-MASCULINA/CHPB/CHB;2026;3;6;17;0,35294117647058826
CHPB;UNIDADE DE CUIDADOS PROLONGADOS/CHPB/CHB;2026;3;10;28;0,35714285714285715
CHPB;UIP-FEMININA/CHPB/CHB;2026;4;1;7;0,14285714285714285
CHPB;UIP-MASCULINA/CHPB/CHB;2026;4;0;9;0,0
CHPB;UNIDADE DE CUIDADOS PROLONGADOS/CHPB/CHB;2026;4;5;25;0,2
CHPB;LAR INCLUSIVO A/CHPB/CHB;2026;5;6;6;1,0
CHPB;LAR INCLUSIVO B/CHPB/CHB;2026;5;8;8;1,0
CHPB;UIP-FEMININA/CHPB/CHB;2026;5;1;6;0,16666666666666666
CHPB;UIP-MASCULINA/CHPB/CHB;2026;5;2;12;0,16666666666666666
CHPB;UNIDADE DE CUIDADOS PROLONGADOS/CHPB/CHB;2026;5;5;15;0,3333333333333333
CSPD;UNIDADE DE CUIDADOS CONTINUADOS INTEGRADOS;2023;1;0;8;0,0
CSPD;UNIDADE INTERNAÇÃO - CLINICA MÉDICA;2023;1;1;28;0,03571428571428571
CSPD;UNIDADE DE CUIDADOS CONTINUADOS INTEGRADOS;2023;2;1;7;0,14285714285714285
CSPD;UNIDADE INTERNAÇÃO - CLINICA MÉDICA;2023;2;0;16;0,0
CSPD;UNIDADE DE CUIDADOS CONTINUADOS INTEGRADOS;2023;3;2;7;0,2857142857142857
CSPD;UNIDADE INTERNAÇÃO - CLINICA MÉDICA;2023;3;4;30;0,13333333333333333
CSPD;UNIDADE DE CUIDADOS CONTINUADOS INTEGRADOS;2023;4;3;8;0,375
CSPD;UNIDADE INTERNAÇÃO - CLINICA MÉDICA;2023;4;5;23;0,21739130434782608
CSPD;UNIDADE DE CUIDADOS CONTINUADOS INTEGRADOS;2023;5;2;11;0,18181818181818182
CSPD;UNIDADE INTERNAÇÃO - CLINICA MÉDICA;2023;5;2;32;0,0625
CSPD;UNIDADE DE CUIDADOS CONTINUADOS INTEGRADOS;2023;6;4;10;0,4
CSPD;UNIDADE INTERNAÇÃO - CLINICA MÉDICA;2023;6;4;21;0,19047619047619047
CSPD;UNIDADE DE CUIDADOS CONTINUADOS INTEGRADOS;2023;7;0;11;0,0
CSPD;UNIDADE INTERNAÇÃO - CLINICA MÉDICA;2023;7;7;19;0,3684210526315789
CSPD;UNIDADE DE CUIDADOS CONTINUADOS INTEGRADOS;2023;8;2;10;0,2
CSPD;UNIDADE INTERNAÇÃO - CLINICA MÉDICA;2023;8;2;32;0,0625
CSPD;UNIDADE DE CUIDADOS CONTINUADOS INTEGRADOS;2023;9;5;12;0,4166666666666667
CSPD;UNIDADE INTERNAÇÃO - CLINICA MÉDICA;2023;9;1;21;0,047619047619047616
CSPD;UNIDADE DE CUIDADOS CONTINUADOS INTEGRADOS;2023;10;6;31;0,1935483870967742
CSPD;UNIDADE INTERNAÇÃO - CLINICA MÉDICA;2023;10;0;8;0,0
CSPD;UNIDADE DE CUIDADOS CONTINUADOS INTEGRADOS;2023;11;0;8;0,0
CSPD;UNIDADE DE INTERNAÇÃO DE CUIDADOS PROLONGADOS;2023;11;6;23;0,2608695652173913
CSPD;UNIDADE DE INTERNAÇÃO DE CUIDADOS PROLONGADOS;2023;12;9;41;0,21951219512195122
CSPD;UNIDADE DE INTERNAÇÃO DE CUIDADOS PROLONGADOS;2024;1;10;45;0,2222222222222222
CSPD;UNIDADE DE INTERNAÇÃO DE CUIDADOS PROLONGADOS;2024;2;3;31;0,0967741935483871
CSPD;UNIDADE DE INTERNAÇÃO DE CUIDADOS PROLONGADOS;2024;3;11;45;0,24444444444444444
CSPD;UNIDADE DE INTERNAÇÃO DE CUIDADOS PROLONGADOS;2024;4;5;50;0,1
CSPD;UNIDADE DE INTERNAÇÃO DE CUIDADOS PROLONGADOS;2024;5;12;47;0,2553191489361702
CSPD;UNIDADE DE INTERNAÇÃO DE CUIDADOS PROLONGADOS;2024;6;11;28;0,39285714285714285
CSPD;UNIDADE DE INTERNAÇÃO DE CUIDADOS PROLONGADOS;2024;7;15;40;0,375
CSSFA;UNIDADE DE INTERNACAO CCI Cuidados Continuados Integ;2023;1;5;13;0,38461538461538464
CSSFA;UNIDADE DE INTERNACAO CCI Cuidados Continuados Integ;2023;2;9;12;0,75
CSSFA;UNIDADE DE INTERNACAO CCI Cuidados Continuados Integ;2023;3;19;32;0,59375
CSSFA;UNIDADE INTERNAÇÃO - CLINICA MÉDICA;2023;3;0;1;0,0
CSSFA;UNIDADE DE INTERNACAO CCI Cuidados Continuados Integ;2023;4;11;18;0,6111111111111112
CSSFA;UNIDADE DE INTERNACAO CCI Cuidados Continuados Integ;2023;5;5;14;0,35714285714285715
CSSFA;UNIDADE INTERNAÇÃO - CLINICA MÉDICA;2023;5;0;2;0,0
CSSFA;UNIDADE DE INTERNACAO CCI Cuidados Continuados Integ;2023;6;11;16;0,6875
CSSFA;UNIDADE INTERNAÇÃO - CLINICA MÉDICA;2023;6;0;4;0,0
CSSFA;UNIDADE DE INTERNACAO CCI Cuidados Continuados Integ;2023;7;6;12;0,5
CSSFA;UNIDADE INTERNAÇÃO - CLINICA MÉDICA;2023;7;0;4;0,0
CSSFA;UNIDADE DE INTERNACAO CCI Cuidados Continuados Integ;2023;8;13;18;0,7222222222222222
CSSFA;UNIDADE INTERNAÇÃO - CLINICA MÉDICA;2023;8;1;4;0,25
CSSFA;UNIDADE DE INTERNACAO CCI Cuidados Continuados Integ;2023;9;9;11;0,8181818181818182
CSSFA;UNIDADE INTERNAÇÃO - CLINICA MÉDICA;2023;9;0;6;0,0
CSSFA;UNIDADE DE INTERNACAO CCI Cuidados Continuados Integ;2023;10;12;19;0,631578947368421
CSSFA;UNIDADE INTERNAÇÃO - CLINICA MÉDICA;2023;10;0;5;0,0
CSSFA;UNIDADE DE INTERNACAO CCI Cuidados Continuados Integ;2023;11;8;12;0,6666666666666666
CSSFA;UNIDADE INTERNAÇÃO - CLINICA MÉDICA;2023;11;0;1;0,0
CSSFA;UNIDADE DE INTERNACAO CCI Cuidados Continuados Integ;2023;12;11;19;0,5789473684210527
CSSFA;UNIDADE DE INTERNACAO CCI Cuidados Continuados Integ;2024;1;9;14;0,6428571428571429
CSSFA;UNIDADE DE INTERNACAO CCI Cuidados Continuados Integ;2024;2;5;10;0,5
CSSFA;UNIDADE DE INTERNACAO CCI Cuidados Continuados Integ;2024;3;17;30;0,5666666666666667
CSSFA;UNIDADE DE INTERNACAO CCI Cuidados Continuados Integ;2024;4;15;24;0,625
CSSFA;UNIDADE DE INTERNACAO CCI Cuidados Continuados Integ;2024;5;17;24;0,7083333333333334
CSSFA;UNIDADE DE INTERNACAO CCI Cuidados Continuados Integ;2024;6;8;12;0,6666666666666666
CSSFA;UNIDADE DE INTERNACAO CCI Cuidados Continuados Integ;2024;7;14;22;0,6363636363636364
CSSFA;UNIDADE DE INTERNACAO CCI Cuidados Continuados Integ;2024;8;16;35;0,45714285714285713
CSSFA;UNIDADE DE INTERNACAO CCI Cuidados Continuados Integ;2024;9;13;20;0,65
CSSFA;UNIDADE DE INTERNACAO CCI Cuidados Continuados Integ;2024;10;20;28;0,7142857142857143
CSSFA;UNIDADE DE INTERNACAO CCI Cuidados Continuados Integ;2024;11;12;19;0,631578947368421
CSSFA;UNIDADE DE INTERNACAO CCI Cuidados Continuados Integ;2024;12;10;20;0,5
CSSFA;UNIDADE DE INTERNACAO CCI Cuidados Continuados Integ;2025;1;17;21;0,8095238095238095
CSSFA;UNIDADE DE INTERNACAO CCI Cuidados Continuados Integ;2025;2;13;17;0,7647058823529411
CSSFA;UNIDADE DE INTERNACAO CCI Cuidados Continuados Integ;2025;3;9;13;0,6923076923076923
CSSFA;UNIDADE DE INTERNACAO CCI Cuidados Continuados Integ;2025;4;14;18;0,7777777777777778
CSSFA;UNIDADE DE INTERNACAO CCI Cuidados Continuados Integ;2025;5;10;19;0,5263157894736842
CSSFA;UNIDADE DE INTERNACAO CCI Cuidados Continuados Integ;2025;6;14;17;0,8235294117647058
CSSFA;UNIDADE DE INTERNACAO CCI Cuidados Continuados Integ;2025;7;16;20;0,8
CSSFA;UNIDADE DE INTERNACAO CCI Cuidados Continuados Integ;2025;8;21;26;0,8076923076923077
CSSFA;UNIDADE DE INTERNACAO CCI Cuidados Continuados Integ;2025;9;11;15;0,7333333333333333
CSSFA;UNIDADE DE INTERNACAO CCI Cuidados Continuados Integ;2025;10;13;16;0,8125
CSSFA;UNIDADE DE INTERNACAO CCI Cuidados Continuados Integ;2025;11;17;19;0,8947368421052632
CSSFA;UNIDADE DE INTERNACAO CCI Cuidados Continuados Integ;2025;12;11;18;0,6111111111111112
CSSFA;UNIDADE DE INTERNACAO CCI Cuidados Continuados Integ;2026;1;11;12;0,9166666666666666
CSSFA;UNIDADE DE INTERNACAO CCI Cuidados Continuados Integ;2026;2;12;18;0,6666666666666666
CSSFA;UNIDADE DE INTERNACAO CCI Cuidados Continuados Integ;2026;3;11;20;0,55
CSSFA;UNIDADE DE INTERNACAO CCI Cuidados Continuados Integ;2026;4;13;23;0,5652173913043478
CSSFA;UNIDADE DE INTERNACAO CCI Cuidados Continuados Integ;2026;5;17;24;0,7083333333333334
CSSFE;UNIDADE INTERNAÇÃO - CLINICA MÉDICA;2023;1;1;23;0,043478260869565216
CSSFE;UNIDADE INTERNAÇÃO - CLINICA MÉDICA;2023;2;6;35;0,17142857142857143
CSSFE;UNIDADE INTERNAÇÃO - CLINICA MÉDICA;2023;3;1;27;0,037037037037037035
CSSFE;UNIDADE INTERNAÇÃO - CLINICA MÉDICA;2023;4;3;20;0,15
CSSFE;UNIDADE DE CUIDADOS CONTINUADOS INTEGRADOS;2023;5;0;1;0,0
CSSFE;UNIDADE INTERNAÇÃO - CLINICA MÉDICA;2023;5;6;25;0,24
CSSFE;UNIDADE DE CUIDADOS CONTINUADOS INTEGRADOS;2023;6;1;5;0,2
CSSFE;UNIDADE INTERNAÇÃO - CLINICA MÉDICA;2023;6;3;7;0,42857142857142855
CSSFE;UNIDADE DE CUIDADOS CONTINUADOS INTEGRADOS;2023;7;3;5;0,6
CSSFE;UNIDADE INTERNAÇÃO - CLINICA MÉDICA;2023;7;4;9;0,4444444444444444
CSSFE;UNIDADE DE CUIDADOS CONTINUADOS INTEGRADOS;2023;8;4;5;0,8
CSSFE;UNIDADE INTERNAÇÃO - CLINICA MÉDICA;2023;8;3;14;0,21428571428571427
CSSFE;UNIDADE DE CUIDADOS CONTINUADOS INTEGRADOS;2023;9;1;8;0,125
CSSFE;UNIDADE INTERNAÇÃO - CLINICA MÉDICA;2023;9;3;6;0,5
CSSFE;AMBULATORIO - ESPECIALIDADES;2023;10;0;1;0,0
CSSFE;UNIDADE DE CUIDADOS CONTINUADOS INTEGRADOS;2023;10;4;7;0,5714285714285714
CSSFE;UNIDADE INTERNAÇÃO - CLINICA MÉDICA;2023;10;3;9;0,3333333333333333
CSSFE;UNIDADE DE CUIDADOS CONTINUADOS INTEGRADOS;2023;11;3;5;0,6
CSSFE;UNIDADE DE INTERNAÇÃO - CLÍNICA MÉDICA;2023;11;0;1;0,0
CSSFE;UNIDADE INTERNAÇÃO - CLINICA MÉDICA;2023;11;1;3;0,3333333333333333
CSSFE;UNIDADE DE CUIDADOS PROLONGADOS;2023;12;1;4;0,25
CSSFE;UNIDADE DE INTERNAÇÃO - CLÍNICA MÉDICA;2023;12;3;5;0,6
CSSFE;UNIDADE DE CUIDADOS PROLONGADOS;2024;1;2;4;0,5
CSSFE;UNIDADE DE INTERNAÇÃO - CLÍNICA MÉDICA;2024;1;7;8;0,875
CSSFE;UNIDADE DE CUIDADOS PROLONGADOS;2024;2;1;4;0,25
CSSFE;UNIDADE DE INTERNAÇÃO - CLÍNICA MÉDICA;2024;2;4;11;0,36363636363636365
CSSFE;UNIDADE DE CUIDADOS PROLONGADOS;2024;3;1;12;0,08333333333333333
CSSFE;UNIDADE DE INTERNAÇÃO - CLÍNICA MÉDICA;2024;3;2;9;0,2222222222222222
CSSFE;UNIDADE DE CUIDADOS PROLONGADOS;2024;4;1;13;0,07692307692307693
CSSFE;UNIDADE DE INTERNAÇÃO - CLÍNICA MÉDICA;2024;4;3;17;0,17647058823529413
CSSFE;UNIDADE DE CUIDADOS PROLONGADOS;2024;5;2;4;0,5
CSSFE;UNIDADE DE INTERNAÇÃO - CLÍNICA MÉDICA;2024;5;4;14;0,2857142857142857
CSSFE;UNIDADE DE CUIDADOS PROLONGADOS;2024;6;4;7;0,5714285714285714
CSSFE;UNIDADE DE INTERNAÇÃO - CLÍNICA MÉDICA;2024;6;4;6;0,6666666666666666
CSSFE;UNIDADE DE CUIDADOS PROLONGADOS;2024;7;1;2;0,5
CSSFE;UNIDADE DE INTERNAÇÃO - CLÍNICA MÉDICA;2024;7;6;16;0,375
CSSFE;UNIDADE DE CUIDADOS PROLONGADOS;2024;8;3;5;0,6
CSSFE;UNIDADE DE INTERNAÇÃO - CLÍNICA MÉDICA;2024;8;3;6;0,5
CSSFE;UNIDADE DE CUIDADOS PROLONGADOS;2024;9;3;5;0,6
CSSFE;UNIDADE DE INTERNAÇÃO - CLÍNICA MÉDICA;2024;9;6;11;0,5454545454545454
CSSFE;UNIDADE DE CUIDADOS PROLONGADOS;2024;10;1;1;1,0
CSSFE;UNIDADE DE INTERNAÇÃO - CLÍNICA MÉDICA;2024;10;5;10;0,5
CSSFE;UNIDADE DE CUIDADOS PROLONGADOS;2024;11;5;6;0,8333333333333334
CSSFE;UNIDADE DE INTERNAÇÃO - CLÍNICA MÉDICA;2024;11;1;10;0,1
CSSFE;UNIDADE DE CUIDADOS PROLONGADOS;2024;12;4;6;0,6666666666666666
CSSFE;UNIDADE DE INTERNAÇÃO - CLÍNICA MÉDICA;2024;12;4;6;0,6666666666666666
CSSFE;UNIDADE DE CUIDADOS PROLONGADOS;2025;1;2;5;0,4
CSSFE;UNIDADE DE INTERNAÇÃO - CLÍNICA MÉDICA;2025;1;3;4;0,75
CSSFE;UNIDADE DE CUIDADOS PROLONGADOS;2025;2;2;4;0,5
CSSFE;UNIDADE DE INTERNAÇÃO - CLÍNICA MÉDICA;2025;2;3;7;0,42857142857142855
CSSI;UNIDADE DE CUIDADOS CONTINUADOS INTEGRADOS;2023;1;5;7;0,7142857142857143
CSSI;UNIDADE INTERNAÇÃO - CLINICA MÉDICA ALA A;2023;1;0;18;0,0
CSSI;UNIDADE INTERNAÇÃO - CLINICA MÉDICA ALA B;2023;1;0;16;0,0
CSSI;UNIDADE URGENCIA/EMERGENCIA;2023;1;2;26;0,07692307692307693
CSSI;UNIDADE DE CUIDADOS CONTINUADOS INTEGRADOS;2023;2;3;6;0,5
CSSI;UNIDADE INTERNAÇÃO - CLINICA MÉDICA ALA A;2023;2;0;19;0,0
CSSI;UNIDADE INTERNAÇÃO - CLINICA MÉDICA ALA B;2023;2;1;15;0,06666666666666667
CSSI;UNIDADE URGENCIA/EMERGENCIA;2023;2;0;22;0,0
CSSI;UNIDADE DE CUIDADOS CONTINUADOS INTEGRADOS;2023;3;9;13;0,6923076923076923
CSSI;UNIDADE INTERNAÇÃO - CLINICA MÉDICA ALA A;2023;3;1;14;0,07142857142857142
CSSI;UNIDADE INTERNAÇÃO - CLINICA MÉDICA ALA B;2023;3;0;15;0,0
CSSI;UNIDADE URGENCIA/EMERGENCIA;2023;3;1;31;0,03225806451612903
CSSI;UNIDADE DE CUIDADOS CONTINUADOS INTEGRADOS;2023;4;4;6;0,6666666666666666
CSSI;UNIDADE INTERNAÇÃO - CLINICA MÉDICA ALA A;2023;4;1;23;0,043478260869565216
CSSI;UNIDADE INTERNAÇÃO - CLINICA MÉDICA ALA B;2023;4;0;15;0,0
CSSI;UNIDADE URGENCIA/EMERGENCIA;2023;4;1;30;0,03333333333333333
CSSI;UNIDADE DE CUIDADOS CONTINUADOS INTEGRADOS;2023;5;5;5;1,0
CSSI;UNIDADE INTERNAÇÃO - CLINICA MÉDICA ALA A;2023;5;0;19;0,0
CSSI;UNIDADE INTERNAÇÃO - CLINICA MÉDICA ALA B;2023;5;0;14;0,0
CSSI;UNIDADE URGENCIA/EMERGENCIA;2023;5;0;30;0,0
CSSI;UNIDADE DE CUIDADOS CONTINUADOS INTEGRADOS;2023;6;4;5;0,8
CSSI;UNIDADE INTERNAÇÃO - CLINICA MÉDICA ALA A;2023;6;0;21;0,0
CSSI;UNIDADE INTERNAÇÃO - CLINICA MÉDICA ALA B;2023;6;0;15;0,0
CSSI;UNIDADE URGENCIA/EMERGENCIA;2023;6;0;38;0,0
CSSI;UNIDADE DE CUIDADOS CONTINUADOS INTEGRADOS;2023;7;7;9;0,7777777777777778
CSSI;UNIDADE INTERNAÇÃO - CLINICA MÉDICA ALA A;2023;7;1;22;0,045454545454545456
CSSI;UNIDADE INTERNAÇÃO - CLINICA MÉDICA ALA B;2023;7;0;21;0,0
CSSI;UNIDADE URGENCIA/EMERGENCIA;2023;7;1;24;0,041666666666666664
CSSI;UNIDADE DE CUIDADOS CONTINUADOS INTEGRADOS;2023;8;8;11;0,7272727272727273
CSSI;UNIDADE INTERNAÇÃO - CLINICA MÉDICA ALA A;2023;8;0;20;0,0
CSSI;UNIDADE INTERNAÇÃO - CLINICA MÉDICA ALA B;2023;8;0;21;0,0
CSSI;UNIDADE URGENCIA/EMERGENCIA;2023;8;0;28;0,0
CSSI;CLINICA MEDICA ALA A;2023;9;0;1;0,0
CSSI;CLÍNICA MÉDICA ALA C;2023;9;0;1;0,0
CSSI;UNIDADE DE CUIDADOS CONTINUADOS INTEGRADOS;2023;9;7;11;0,6363636363636364
CSSI;UNIDADE DE CUIDADOS PROLONGADOS - ALA B;2023;9;0;3;0,0
CSSI;UNIDADE INTERNAÇÃO - CLINICA MÉDICA ALA A;2023;9;0;16;0,0
CSSI;UNIDADE INTERNAÇÃO - CLINICA MÉDICA ALA B;2023;9;1;8;0,125
CSSI;UNIDADE URGENCIA/EMERGENCIA;2023;9;1;25;0,04
CSSI;UNIDADE URGÊNCIA/EMERGÊNCIA - OBSERVAÇÃO;2023;9;0;1;0,0
CSSI;UNIDADES DE CUIDADOS PROLONGADOS - UCP;2023;9;1;1;1,0
CSSI;CLINICA MEDICA ALA A;2023;10;1;16;0,0625
CSSI;CLÍNICA MÉDICA ALA C;2023;10;0;33;0,0
CSSI;UNIDADE DE CUIDADOS PROLONGADOS - ALA B;2023;10;2;9;0,2222222222222222
CSSI;UNIDADE URGÊNCIA/EMERGÊNCIA - OBSERVAÇÃO;2023;10;0;1;0,0
CSSI;UNIDADES DE CUIDADOS PROLONGADOS - UCP;2023;10;6;11;0,5454545454545454
CSSI;CLINICA MEDICA ALA A;2023;11;0;7;0,0
CSSI;CLÍNICA MÉDICA ALA B;2023;11;1;1;1,0
CSSI;CLÍNICA MÉDICA ALA C;2023;11;1;32;0,03125
CSSI;UNIDADE DE CUIDADOS PROLONGADOS - ALA B;2023;11;2;9;0,2222222222222222
CSSI;UNIDADE URGÊNCIA/EMERGÊNCIA - OBSERVAÇÃO;2023;11;0;1;0,0
CSSI;UNIDADES DE CUIDADOS PROLONGADOS - UCP;2023;11;8;12;0,6666666666666666
CSSI;CLINICA MEDICA ALA A;2023;12;2;23;0,08695652173913043
CSSI;CLÍNICA MÉDICA ALA B;2023;12;0;1;0,0
CSSI;CLÍNICA MÉDICA ALA C;2023;12;1;43;0,023255813953488372
CSSI;UNIDADE DE CUIDADOS PROLONGADOS - ALA B;2023;12;0;3;0,0
CSSI;UNIDADE URGÊNCIA/EMERGÊNCIA - OBSERVAÇÃO;2023;12;0;2;0,0
CSSI;UNIDADES DE CUIDADOS PROLONGADOS - UCP;2023;12;9;14;0,6428571428571429
CSSI;CLINICA MEDICA ALA A;2024;1;0;26;0,0
CSSI;CLÍNICA MÉDICA ALA C;2024;1;0;37;0,0
CSSI;UNIDADE DE CUIDADOS PROLONGADOS - ALA B;2024;1;0;3;0,0
CSSI;UNIDADE URGÊNCIA/EMERGÊNCIA - OBSERVAÇÃO;2024;1;0;1;0,0
CSSI;UNIDADES DE CUIDADOS PROLONGADOS - UCP;2024;1;4;7;0,5714285714285714
CSSI;CLINICA MEDICA ALA A;2024;2;0;32;0,0
CSSI;CLÍNICA MÉDICA ALA B;2024;2;0;1;0,0
CSSI;CLÍNICA MÉDICA ALA C;2024;2;0;41;0,0
CSSI;UNIDADE DE CUIDADOS PROLONGADOS - ALA B;2024;2;1;13;0,07692307692307693
CSSI;UNIDADE URGÊNCIA/EMERGÊNCIA - OBSERVAÇÃO;2024;2;0;3;0,0
CSSI;UNIDADES DE CUIDADOS PROLONGADOS - UCP;2024;2;13;13;1,0
CSSI;CLINICA MEDICA ALA A;2024;3;0;33;0,0
CSSI;CLÍNICA MÉDICA ALA B;2024;3;0;1;0,0
CSSI;CLÍNICA MÉDICA ALA C;2024;3;0;44;0,0
CSSI;UNIDADE DE CUIDADOS PROLONGADOS - ALA B;2024;3;2;6;0,3333333333333333
CSSI;UNIDADE URGÊNCIA/EMERGÊNCIA - OBSERVAÇÃO;2024;3;0;2;0,0
CSSI;UNIDADES DE CUIDADOS PROLONGADOS - UCP;2024;3;7;15;0,4666666666666667
CSSI;CLINICA MEDICA ALA A;2024;4;1;24;0,041666666666666664
CSSI;CLÍNICA MÉDICA ALA B;2024;4;0;1;0,0
CSSI;CLÍNICA MÉDICA ALA C;2024;4;0;46;0,0
CSSI;UNIDADE DE CUIDADOS PROLONGADOS - ALA B;2024;4;2;5;0,4
CSSI;UNIDADE URGÊNCIA/EMERGÊNCIA - OBSERVAÇÃO;2024;4;0;2;0,0
CSSI;UNIDADES DE CUIDADOS PROLONGADOS - UCP;2024;4;9;14;0,6428571428571429
CSSI;CLINICA MEDICA ALA A;2024;5;0;5;0,0
CSSI;CLÍNICA MÉDICA ALA B;2024;5;0;1;0,0
CSSI;CLÍNICA MÉDICA ALA C;2024;5;0;69;0,0
CSSI;UNIDADE DE CUIDADOS PROLONGADOS - ALA A;2024;5;0;6;0,0
CSSI;UNIDADE DE CUIDADOS PROLONGADOS - ALA B;2024;5;3;5;0,6
CSSI;UNIDADE URGÊNCIA/EMERGÊNCIA - OBSERVAÇÃO;2024;5;0;3;0,0
CSSI;UNIDADES DE CUIDADOS PROLONGADOS - UCP;2024;5;11;18;0,6111111111111112
CSSI;CLÍNICA MÉDICA ALA B;2024;6;0;1;0,0
CSSI;CLÍNICA MÉDICA ALA C;2024;6;0;56;0,0
CSSI;UNIDADE DE CUIDADOS PROLONGADOS - ALA A;2024;6;1;9;0,1111111111111111
CSSI;UNIDADE DE CUIDADOS PROLONGADOS - ALA B;2024;6;1;3;0,3333333333333333
CSSI;UNIDADE URGÊNCIA/EMERGÊNCIA - OBSERVAÇÃO;2024;6;0;1;0,0
CSSI;UNIDADES DE CUIDADOS PROLONGADOS - UCP;2024;6;8;16;0,5
CSSI;CLÍNICA MÉDICA ALA B;2024;7;0;1;0,0
CSSI;CLÍNICA MÉDICA ALA C;2024;7;1;42;0,023809523809523808
CSSI;UNIDADE DE CUIDADOS PROLONGADOS - ALA A;2024;7;4;10;0,4
CSSI;UNIDADE DE CUIDADOS PROLONGADOS - ALA B;2024;7;2;7;0,2857142857142857
CSSI;UNIDADES DE CUIDADOS PROLONGADOS - UCP;2024;7;5;18;0,2777777777777778
CSSI;CLÍNICA MÉDICA ALA B;2024;8;0;2;0,0
CSSI;CLÍNICA MÉDICA ALA C;2024;8;3;50;0,06
CSSI;UNIDADE DE CUIDADOS PROLONGADOS - ALA A;2024;8;1;11;0,09090909090909091
CSSI;UNIDADE DE CUIDADOS PROLONGADOS - ALA B;2024;8;2;9;0,2222222222222222
CSSI;UNIDADES DE CUIDADOS PROLONGADOS - UCP;2024;8;8;16;0,5
CSSI;CLÍNICA MÉDICA ALA C;2024;9;0;32;0,0
CSSI;UNIDADE DE CUIDADOS PROLONGADOS - ALA A;2024;9;2;14;0,14285714285714285
CSSI;UNIDADE DE CUIDADOS PROLONGADOS - ALA B;2024;9;2;10;0,2
CSSI;UNIDADES DE CUIDADOS PROLONGADOS - UCP;2024;9;11;18;0,6111111111111112
CSSI;CLÍNICA MÉDICA ALA B;2024;10;0;1;0,0
CSSI;CLÍNICA MÉDICA ALA C;2024;10;0;42;0,0
CSSI;UNIDADE DE CUIDADOS PROLONGADOS - ALA A;2024;10;1;7;0,14285714285714285
CSSI;UNIDADE DE CUIDADOS PROLONGADOS - ALA B;2024;10;1;10;0,1
CSSI;UNIDADES DE CUIDADOS PROLONGADOS - UCP;2024;10;10;13;0,7692307692307693
CSSI;CLÍNICA MÉDICA ALA B;2024;11;0;2;0,0
CSSI;CLÍNICA MÉDICA ALA C;2024;11;0;53;0,0
CSSI;UNIDADE DE CUIDADOS PROLONGADOS - ALA A;2024;11;1;7;0,14285714285714285
CSSI;UNIDADE DE CUIDADOS PROLONGADOS - ALA B;2024;11;2;9;0,2222222222222222
CSSI;UNIDADE URGÊNCIA/EMERGÊNCIA - OBSERVAÇÃO;2024;11;0;1;0,0
CSSI;UNIDADES DE CUIDADOS PROLONGADOS - UCP;2024;11;4;6;0,6666666666666666
CSSI;CLÍNICA MÉDICA ALA C;2024;12;0;59;0,0
CSSI;UNIDADE DE CUIDADOS PROLONGADOS - ALA A;2024;12;3;7;0,42857142857142855
CSSI;UNIDADE DE CUIDADOS PROLONGADOS - ALA B;2024;12;1;10;0,1
CSSI;UNIDADE URGÊNCIA/EMERGÊNCIA - OBSERVAÇÃO;2024;12;0;1;0,0
CSSI;UNIDADES DE CUIDADOS PROLONGADOS - UCP;2024;12;10;10;1,0
CSSI;CLÍNICA MÉDICA ALA C;2025;1;1;44;0,022727272727272728
CSSI;UNIDADE DE CUIDADOS PROLONGADOS - ALA A;2025;1;0;8;0,0
CSSI;UNIDADE DE CUIDADOS PROLONGADOS - ALA B;2025;1;1;4;0,25
CSSI;UNIDADE URGÊNCIA/EMERGÊNCIA - OBSERVAÇÃO;2025;1;0;3;0,0
CSSI;UNIDADES DE CUIDADOS PROLONGADOS - UCP;2025;1;7;11;0,6363636363636364
CSSI;CLÍNICA MÉDICA ALA B;2025;2;0;3;0,0
CSSI;CLÍNICA MÉDICA ALA C;2025;2;0;41;0,0
CSSI;UNIDADE DE CUIDADOS PROLONGADOS - ALA A;2025;2;1;3;0,3333333333333333
CSSI;UNIDADE DE CUIDADOS PROLONGADOS - ALA B;2025;2;0;5;0,0
CSSI;UNIDADE URGÊNCIA/EMERGÊNCIA - OBSERVAÇÃO;2025;2;1;6;0,16666666666666666
CSSI;UNIDADES DE CUIDADOS PROLONGADOS - UCP;2025;2;7;10;0,7
CSSI;CLÍNICA MÉDICA ALA C;2025;3;1;54;0,018518518518518517
CSSI;UNIDADE DE CUIDADOS PROLONGADOS - ALA A;2025;3;0;9;0,0
CSSI;UNIDADE DE CUIDADOS PROLONGADOS - ALA B;2025;3;0;1;0,0
CSSI;UNIDADE URGÊNCIA/EMERGÊNCIA - OBSERVAÇÃO;2025;3;0;9;0,0
CSSI;UNIDADES DE CUIDADOS PROLONGADOS - UCP;2025;3;8;9;0,8888888888888888
CSSI;CLÍNICA MÉDICA ALA C;2025;4;0;47;0,0
CSSI;UNIDADE DE CUIDADOS PROLONGADOS - ALA A;2025;4;1;7;0,14285714285714285
CSSI;UNIDADE DE CUIDADOS PROLONGADOS - ALA B;2025;4;2;6;0,3333333333333333
CSSI;UNIDADE URGÊNCIA/EMERGÊNCIA - OBSERVAÇÃO;2025;4;0;3;0,0
CSSI;UNIDADES DE CUIDADOS PROLONGADOS - UCP;2025;4;6;7;0,8571428571428571
CSSI;CLÍNICA MÉDICA ALA C;2025;5;0;42;0,0
CSSI;UNIDADE DE CUIDADOS PROLONGADOS - ALA B;2025;5;0;8;0,0
CSSI;UNIDADES DE CUIDADOS PROLONGADOS - UCP;2025;5;8;11;0,7272727272727273
CSSI;CLINICA MEDICA ALA A;2025;6;0;5;0,0
CSSI;CLÍNICA MÉDICA ALA C;2025;6;0;36;0,0
CSSI;UNIDADE DE CUIDADOS PROLONGADOS - ALA A;2025;6;3;8;0,375
CSSI;UNIDADE DE CUIDADOS PROLONGADOS - ALA B;2025;6;2;6;0,3333333333333333
CSSI;UNIDADE URGÊNCIA/EMERGÊNCIA - OBSERVAÇÃO;2025;6;0;3;0,0
CSSI;UNIDADES DE CUIDADOS PROLONGADOS - UCP;2025;6;5;10;0,5
CSSI;CLINICA MEDICA ALA A;2025;7;0;11;0,0
CSSI;CLÍNICA MÉDICA ALA B;2025;7;0;1;0,0
CSSI;CLÍNICA MÉDICA ALA C;2025;7;0;34;0,0
CSSI;UNIDADE DE CUIDADOS PROLONGADOS - ALA A;2025;7;2;6;0,3333333333333333
CSSI;UNIDADE DE CUIDADOS PROLONGADOS - ALA B;2025;7;2;6;0,3333333333333333
CSSI;UNIDADE URGÊNCIA/EMERGÊNCIA - OBSERVAÇÃO;2025;7;0;2;0,0
CSSI;UNIDADES DE CUIDADOS PROLONGADOS - UCP;2025;7;7;8;0,875
CSSI;CLINICA MEDICA ALA A;2025;8;0;30;0,0
CSSI;CLÍNICA MÉDICA ALA B;2025;8;0;2;0,0
CSSI;CLÍNICA MÉDICA ALA C;2025;8;0;15;0,0
CSSI;UNIDADE DE CUIDADOS PROLONGADOS - ALA A;2025;8;0;1;0,0
CSSI;UNIDADE DE CUIDADOS PROLONGADOS - ALA B;2025;8;4;9;0,4444444444444444
CSSI;UNIDADE URGÊNCIA/EMERGÊNCIA - OBSERVAÇÃO;2025;8;0;3;0,0
CSSI;UNIDADES DE CUIDADOS PROLONGADOS - UCP;2025;8;8;10;0,8
CSSI;CLINICA MEDICA ALA A;2025;9;0;20;0,0
CSSI;CLÍNICA MÉDICA ALA C;2025;9;0;23;0,0
CSSI;UNIDADE DE CUIDADOS PROLONGADOS - ALA A;2025;9;0;3;0,0
CSSI;UNIDADE DE CUIDADOS PROLONGADOS - ALA B;2025;9;3;9;0,3333333333333333
CSSI;UNIDADE URGÊNCIA/EMERGÊNCIA - OBSERVAÇÃO;2025;9;0;3;0,0
CSSI;UNIDADES DE CUIDADOS PROLONGADOS - UCP;2025;9;7;9;0,7777777777777778
CSSI;CLINICA MEDICA ALA A;2025;10;0;5;0,0
CSSI;CLÍNICA MÉDICA ALA C;2025;10;0;43;0,0
CSSI;UNIDADE DE CUIDADOS PROLONGADOS - ALA A;2025;10;1;6;0,16666666666666666
CSSI;UNIDADE DE CUIDADOS PROLONGADOS - ALA B;2025;10;2;5;0,4
CSSI;UNIDADE URGÊNCIA/EMERGÊNCIA - OBSERVAÇÃO;2025;10;0;3;0,0
CSSI;UNIDADES DE CUIDADOS PROLONGADOS - UCP;2025;10;7;9;0,7777777777777778
CSSI;CLINICA MEDICA ALA A;2025;11;0;9;0,0
CSSI;CLÍNICA MÉDICA ALA B;2025;11;0;1;0,0
CSSI;CLÍNICA MÉDICA ALA C;2025;11;1;32;0,03125
CSSI;UNIDADE DE CUIDADOS PROLONGADOS - ALA A;2025;11;2;9;0,2222222222222222
CSSI;UNIDADE DE CUIDADOS PROLONGADOS - ALA B;2025;11;1;4;0,25
CSSI;UNIDADE URGÊNCIA/EMERGÊNCIA - OBSERVAÇÃO;2025;11;1;2;0,5
CSSI;UNIDADES DE CUIDADOS PROLONGADOS - UCP;2025;11;4;7;0,5714285714285714
CSSI;CLINICA MEDICA ALA A;2025;12;0;9;0,0
CSSI;CLÍNICA MÉDICA ALA B;2025;12;0;3;0,0
CSSI;CLÍNICA MÉDICA ALA C;2025;12;0;37;0,0
CSSI;UNIDADE DE CUIDADOS PROLONGADOS - ALA A;2025;12;0;1;0,0
CSSI;UNIDADE DE CUIDADOS PROLONGADOS - ALA B;2025;12;2;8;0,25
CSSI;UNIDADE URGÊNCIA/EMERGÊNCIA - OBSERVAÇÃO;2025;12;0;1;0,0
CSSI;UNIDADES DE CUIDADOS PROLONGADOS - UCP;2025;12;2;4;0,5
CSSI;CLINICA MEDICA ALA A;2026;1;0;11;0,0
CSSI;CLÍNICA MÉDICA ALA B;2026;1;0;2;0,0
CSSI;CLÍNICA MÉDICA ALA C;2026;1;0;29;0,0
CSSI;UNIDADE DE CUIDADOS PROLONGADOS - ALA A;2026;1;3;5;0,6
CSSI;UNIDADE DE CUIDADOS PROLONGADOS - ALA B;2026;1;1;4;0,25
CSSI;UNIDADE URGÊNCIA/EMERGÊNCIA - OBSERVAÇÃO;2026;1;0;5;0,0
CSSI;UNIDADES DE CUIDADOS PROLONGADOS - UCP;2026;1;6;7;0,8571428571428571
CSSI;CLINICA MEDICA ALA A;2026;2;0;10;0,0
CSSI;CLÍNICA MÉDICA ALA B;2026;2;0;2;0,0
CSSI;CLÍNICA MÉDICA ALA C;2026;2;0;38;0,0
CSSI;UNIDADE DE CUIDADOS PROLONGADOS - ALA A;2026;2;0;2;0,0
CSSI;UNIDADE DE CUIDADOS PROLONGADOS - ALA B;2026;2;2;5;0,4
CSSI;UNIDADE URGÊNCIA/EMERGÊNCIA - OBSERVAÇÃO;2026;2;0;6;0,0
CSSI;UNIDADES DE CUIDADOS PROLONGADOS - UCP;2026;2;6;6;1,0
CSSI;CLINICA MEDICA ALA A;2026;3;1;15;0,06666666666666667
CSSI;CLÍNICA MÉDICA ALA B;2026;3;0;1;0,0
CSSI;CLÍNICA MÉDICA ALA C;2026;3;0;40;0,0
CSSI;UNIDADE DE CUIDADOS PROLONGADOS - ALA A;2026;3;2;7;0,2857142857142857
CSSI;UNIDADE DE CUIDADOS PROLONGADOS - ALA B;2026;3;1;3;0,3333333333333333
CSSI;UNIDADE URGÊNCIA/EMERGÊNCIA - OBSERVAÇÃO;2026;3;0;6;0,0
CSSI;UNIDADES DE CUIDADOS PROLONGADOS - UCP;2026;3;6;7;0,8571428571428571
CSSI;CLINICA MEDICA ALA A;2026;4;0;10;0,0
CSSI;CLÍNICA MÉDICA ALA B;2026;4;0;1;0,0
CSSI;CLÍNICA MÉDICA ALA C;2026;4;1;36;0,027777777777777776
CSSI;UNIDADE DE CUIDADOS PROLONGADOS - ALA A;2026;4;1;5;0,2
CSSI;UNIDADE DE CUIDADOS PROLONGADOS - ALA B;2026;4;3;6;0,5
CSSI;UNIDADE URGÊNCIA/EMERGÊNCIA - OBSERVAÇÃO;2026;4;1;7;0,14285714285714285
CSSI;UNIDADES DE CUIDADOS PROLONGADOS - UCP;2026;4;6;8;0,75
CSSI;CLINICA MEDICA ALA A;2026;5;1;12;0,08333333333333333
CSSI;CLÍNICA MÉDICA ALA B;2026;5;0;2;0,0
CSSI;CLÍNICA MÉDICA ALA C;2026;5;0;28;0,0
CSSI;UNIDADE DE CUIDADOS PROLONGADOS - ALA A;2026;5;1;3;0,3333333333333333
CSSI;UNIDADE DE CUIDADOS PROLONGADOS - ALA B;2026;5;3;8;0,375
CSSI;UNIDADE URGÊNCIA/EMERGÊNCIA - OBSERVAÇÃO;2026;5;0;5;0,0
CSSI;UNIDADES DE CUIDADOS PROLONGADOS - UCP;2026;5;6;7;0,8571428571428571
HAC;AMBULATORIO - ESPECIALIDADES;2023;1;0;1;0,0
HAC;UNIDADE INTERNAÇÃO - CLINICA CIRURGICA;2023;1;3;94;0,031914893617021274
HAC;UNIDADE INTERNAÇÃO - CLINICA MÉDICA;2023;1;7;102;0,06862745098039216
HAC;UTI - ADULTO;2023;1;1;7;0,14285714285714285
HAC;AMBULATORIO - ESPECIALIDADES;2023;2;0;1;0,0
HAC;AMBULATORIO DE ONCOLOGIA CLINICA;2023;2;0;1;0,0
HAC;QUIMIOTERAPIA;2023;2;0;2;0,0
HAC;UNIDADE INTERNAÇÃO - CLINICA CIRURGICA;2023;2;2;114;0,017543859649122806
HAC;UNIDADE INTERNAÇÃO - CLINICA MÉDICA;2023;2;5;99;0,050505050505050504
HAC;UTI - ADULTO;2023;2;0;7;0,0
HAC;AMBULATORIO DE ONCOLOGIA CLINICA;2023;3;0;1;0,0
HAC;UNIDADE INTERNAÇÃO - CLINICA CIRURGICA;2023;3;1;172;0,005813953488372093
HAC;UNIDADE INTERNAÇÃO - CLINICA MÉDICA;2023;3;12;115;0,10434782608695652
HAC;UTI - ADULTO;2023;3;1;10;0,1
HAC;QUIMIOTERAPIA;2023;4;0;1;0,0
HAC;UNIDADE INTERNAÇÃO - CLINICA CIRURGICA;2023;4;2;133;0,015037593984962405
HAC;UNIDADE INTERNAÇÃO - CLINICA MÉDICA;2023;4;3;117;0,02564102564102564
HAC;UTI - ADULTO;2023;4;1;7;0,14285714285714285
HAC;AMBULATORIO - ESPECIALIDADES;2023;5;0;1;0,0
HAC;QUIMIOTERAPIA;2023;5;0;1;0,0
HAC;UNIDADE INTERNAÇÃO - CLINICA CIRURGICA;2023;5;1;144;0,006944444444444444
HAC;UNIDADE INTERNAÇÃO - CLINICA MÉDICA;2023;5;7;107;0,06542056074766354
HAC;UTI - ADULTO;2023;5;2;12;0,16666666666666666
HAC;QUIMIOTERAPIA;2023;6;0;1;0,0
HAC;UNIDADE INTERNAÇÃO - CLINICA CIRURGICA;2023;6;1;154;0,006493506493506494
HAC;UNIDADE INTERNAÇÃO - CLINICA MÉDICA;2023;6;6;113;0,05309734513274336
HAC;UTI - ADULTO;2023;6;0;9;0,0
HAC;AMBULATORIO DE ONCOLOGIA CLINICA;2023;7;0;1;0,0
HAC;UNIDADE INTERNAÇÃO - CLINICA CIRURGICA;2023;7;1;160;0,00625
HAC;UNIDADE INTERNAÇÃO - CLINICA MÉDICA;2023;7;7;100;0,07
HAC;UTI - ADULTO;2023;7;4;10;0,4
HAC;AMBULATORIO - ESPECIALIDADES;2023;8;0;1;0,0
HAC;UNIDADE INTERNAÇÃO - CLINICA CIRURGICA;2023;8;1;162;0,006172839506172839
HAC;UNIDADE INTERNAÇÃO - CLINICA MÉDICA;2023;8;5;99;0,050505050505050504
HAC;UTI - ADULTO;2023;8;2;13;0,15384615384615385
HAC;AMBULATORIO - ESPECIALIDADES;2023;9;0;3;0,0
HAC;AMBULATORIO DE ONCOLOGIA CLINICA;2023;9;0;1;0,0
HAC;UNIDADE INTERNAÇÃO - CLINICA CIRURGICA;2023;9;1;138;0,007246376811594203
HAC;UNIDADE INTERNAÇÃO - CLINICA MÉDICA;2023;9;9;133;0,06766917293233082
HAC;UTI - ADULTO;2023;9;1;8;0,125
HAC;AMBULATORIO - ESPECIALIDADES;2023;10;0;2;0,0
HAC;UNIDADE INTERNAÇÃO - CLINICA CIRURGICA;2023;10;2;152;0,013157894736842105
HAC;UNIDADE INTERNAÇÃO - CLINICA MÉDICA;2023;10;4;119;0,03361344537815126
HAC;UTI - ADULTO;2023;10;0;5;0,0
HAC;AMBULATORIO - ESPECIALIDADES;2023;11;0;3;0,0
HAC;UNIDADE INTERNAÇÃO - CLINICA CIRURGICA;2023;11;1;121;0,008264462809917356
HAC;UNIDADE INTERNAÇÃO - CLINICA MÉDICA;2023;11;6;103;0,05825242718446602
HAC;UTI - ADULTO;2023;11;4;8;0,5
HAC;AMBULATORIO - ESPECIALIDADES;2023;12;0;2;0,0
HAC;UNIDADE INTERNAÇÃO - CLINICA CIRURGICA;2023;12;1;143;0,006993006993006993
HAC;UNIDADE INTERNAÇÃO - CLINICA MÉDICA;2023;12;6;112;0,05357142857142857
HAC;UTI - ADULTO;2023;12;1;8;0,125
HAC;AMBULATORIO - ESPECIALIDADES;2024;1;0;1;0,0
HAC;QUIMIOTERAPIA;2024;1;0;1;0,0
HAC;UNIDADE INTERNAÇÃO - CLINICA CIRURGICA;2024;1;1;121;0,008264462809917356
HAC;UNIDADE INTERNAÇÃO - CLINICA MÉDICA;2024;1;12;132;0,09090909090909091
HAC;UTI - ADULTO;2024;1;2;7;0,2857142857142857
HAC;AMBULATORIO - ESPECIALIDADES;2024;2;0;2;0,0
HAC;AMBULATORIO DE ONCOLOGIA CLINICA;2024;2;0;1;0,0
HAC;QUIMIOTERAPIA;2024;2;0;2;0,0
HAC;UNIDADE INTERNAÇÃO - CLINICA CIRURGICA;2024;2;0;132;0,0
HAC;UNIDADE INTERNAÇÃO - CLINICA MÉDICA;2024;2;3;149;0,020134228187919462
HAC;UTI - ADULTO;2024;2;1;5;0,2
HAC;AMBULATORIO - ESPECIALIDADES;2024;3;1;3;0,3333333333333333
HAC;UNIDADE INTERNAÇÃO - CLINICA CIRURGICA;2024;3;2;151;0,013245033112582781
HAC;UNIDADE INTERNAÇÃO - CLINICA MÉDICA;2024;3;7;147;0,047619047619047616
HAC;UTI - ADULTO;2024;3;3;6;0,5
HAC;AMBULATORIO - ESPECIALIDADES;2024;4;0;4;0,0
HAC;QUIMIOTERAPIA;2024;4;0;2;0,0
HAC;UNIDADE INTERNAÇÃO - CLINICA CIRURGICA;2024;4;1;142;0,007042253521126761
HAC;UNIDADE INTERNAÇÃO - CLINICA MÉDICA;2024;4;4;170;0,023529411764705882
HAC;UTI - ADULTO;2024;4;0;9;0,0
HAC;AMBULATORIO - ESPECIALIDADES;2024;5;0;1;0,0
HAC;UNIDADE INTERNAÇÃO - CLINICA CIRURGICA;2024;5;1;135;0,007407407407407408
HAC;UNIDADE INTERNAÇÃO - CLINICA MÉDICA;2024;5;6;165;0,03636363636363636
HAC;UTI - ADULTO;2024;5;3;10;0,3
HAC;AMBULATORIO - ESPECIALIDADES;2024;6;0;1;0,0
HAC;QUIMIOTERAPIA;2024;6;0;1;0,0
HAC;UNIDADE INTERNAÇÃO - CLINICA CIRURGICA;2024;6;0;138;0,0
HAC;UNIDADE INTERNAÇÃO - CLINICA MÉDICA;2024;6;5;135;0,037037037037037035
HAC;UTI - ADULTO;2024;6;1;5;0,2
HAC;AMBULATORIO - ESPECIALIDADES;2024;7;0;2;0,0
HAC;AMBULATORIO DE ONCOLOGIA CLINICA;2024;7;0;1;0,0
HAC;QUIMIOTERAPIA;2024;7;0;2;0,0
HAC;UNIDADE INTERNAÇÃO - CLINICA CIRURGICA;2024;7;1;121;0,008264462809917356
HAC;UNIDADE INTERNAÇÃO - CLINICA MÉDICA;2024;7;8;158;0,05063291139240506
HAC;UTI - ADULTO;2024;7;1;7;0,14285714285714285
HAC;AMBULATORIO - ESPECIALIDADES;2024;8;0;2;0,0
HAC;AMBULATORIO DE ONCOLOGIA CLINICA;2024;8;0;1;0,0
HAC;QUIMIOTERAPIA;2024;8;0;1;0,0
HAC;UNIDADE INTERNAÇÃO - CLINICA CIRURGICA;2024;8;0;134;0,0
HAC;UNIDADE INTERNAÇÃO - CLINICA MÉDICA;2024;8;6;174;0,034482758620689655
HAC;UTI - ADULTO;2024;8;2;12;0,16666666666666666
HAC;AMBULATORIO - ESPECIALIDADES;2024;9;0;2;0,0
HAC;AMBULATORIO DE ONCOLOGIA ESPECIALIDADES;2024;9;0;1;0,0
HAC;QUIMIOTERAPIA;2024;9;0;2;0,0
HAC;UNIDADE INTERNAÇÃO - CLINICA CIRURGICA;2024;9;0;142;0,0
HAC;UNIDADE INTERNAÇÃO - CLINICA MÉDICA;2024;9;7;137;0,051094890510948905
HAC;UTI - ADULTO;2024;9;2;9;0,2222222222222222
HAC;QUIMIOTERAPIA;2024;10;0;2;0,0
HAC;UNIDADE INTERNAÇÃO - CLINICA CIRURGICA;2024;10;1;158;0,006329113924050633
HAC;UNIDADE INTERNAÇÃO - CLINICA MÉDICA;2024;10;6;159;0,03773584905660377
HAC;UTI - ADULTO;2024;10;2;6;0,3333333333333333
HAC;AMBULATORIO DE ONCOLOGIA ESPECIALIDADES;2024;11;0;1;0,0
HAC;QUIMIOTERAPIA;2024;11;0;4;0,0
HAC;UNIDADE INTERNAÇÃO - CLINICA CIRURGICA;2024;11;0;150;0,0
HAC;UNIDADE INTERNAÇÃO - CLINICA MÉDICA;2024;11;12;164;0,07317073170731707
HAC;UTI - ADULTO;2024;11;2;11;0,18181818181818182
HAC;AMBULATORIO - ESPECIALIDADES;2024;12;0;2;0,0
HAC;UNIDADE INTERNAÇÃO - CLINICA CIRURGICA;2024;12;3;141;0,02127659574468085
HAC;UNIDADE INTERNAÇÃO - CLINICA MÉDICA;2024;12;4;144;0,027777777777777776
HAC;UTI - ADULTO;2024;12;1;8;0,125
HAC;AMBULATORIO DE ONCOLOGIA CLINICA;2025;1;0;1;0,0
HAC;UNIDADE INTERNAÇÃO - CLINICA CIRURGICA;2025;1;1;131;0,007633587786259542
HAC;UNIDADE INTERNAÇÃO - CLINICA MÉDICA;2025;1;9;177;0,05084745762711865
HAC;UTI - ADULTO;2025;1;2;9;0,2222222222222222
HAC;AMBULATORIO - ESPECIALIDADES;2025;2;0;2;0,0
HAC;UNIDADE INTERNAÇÃO - CLINICA CIRURGICA;2025;2;0;109;0,0
HAC;UNIDADE INTERNAÇÃO - CLINICA MÉDICA;2025;2;5;156;0,03205128205128205
HAC;UTI - ADULTO;2025;2;0;8;0,0
HAC;AMBULATORIO - ESPECIALIDADES;2025;3;1;1;1,0
HAC;UNIDADE INTERNAÇÃO - CLINICA CIRURGICA;2025;3;3;119;0,025210084033613446
HAC;UNIDADE INTERNAÇÃO - CLINICA MÉDICA;2025;3;8;198;0,04040404040404041
HAC;UTI - ADULTO;2025;3;0;5;0,0
HAC;AMBULATORIO - ESPECIALIDADES;2025;4;0;2;0,0
HAC;AMBULATORIO DE ONCOLOGIA ESPECIALIDADES;2025;4;0;1;0,0
HAC;UNIDADE INTERNAÇÃO - CLINICA CIRURGICA;2025;4;0;139;0,0
HAC;UNIDADE INTERNAÇÃO - CLINICA MÉDICA;2025;4;5;180;0,027777777777777776
HAC;UTI - ADULTO;2025;4;2;7;0,2857142857142857
HAC;AMBULATORIO DE ONCOLOGIA CLINICA;2025;5;0;1;0,0
HAC;QUIMIOTERAPIA;2025;5;0;1;0,0
HAC;UNIDADE INTERNAÇÃO - CLINICA CIRURGICA;2025;5;0;122;0,0
HAC;UNIDADE INTERNAÇÃO - CLINICA MÉDICA;2025;5;10;190;0,05263157894736842
HAC;UTI - ADULTO;2025;5;4;14;0,2857142857142857
HAC;AMBULATORIO - ESPECIALIDADES;2025;6;0;1;0,0
HAC;QUIMIOTERAPIA;2025;6;0;1;0,0
HAC;UNIDADE INTERNAÇÃO - CLINICA CIRURGICA;2025;6;2;122;0,01639344262295082
HAC;UNIDADE INTERNAÇÃO - CLINICA MÉDICA;2025;6;8;176;0,045454545454545456
HAC;UTI - ADULTO;2025;6;0;6;0,0
HAC;AMBULATORIO - ESPECIALIDADES;2025;7;0;3;0,0
HAC;UNIDADE INTERNAÇÃO - CLINICA CIRURGICA;2025;7;1;101;0,009900990099009901
HAC;UNIDADE INTERNAÇÃO - CLINICA MÉDICA;2025;7;11;214;0,0514018691588785
HAC;UTI - ADULTO;2025;7;2;8;0,25
HAC;AMBULATORIO - ESPECIALIDADES;2025;8;0;1;0,0
HAC;AMBULATORIO DE ONCOLOGIA CLINICA;2025;8;0;4;0,0
HAC;UNIDADE INTERNAÇÃO - CLINICA CIRURGICA;2025;8;1;121;0,008264462809917356
HAC;UNIDADE INTERNAÇÃO - CLINICA MÉDICA;2025;8;7;173;0,04046242774566474
HAC;UTI - ADULTO;2025;8;4;12;0,3333333333333333
HAC;AMBULATORIO - ESPECIALIDADES;2025;9;0;1;0,0
HAC;UNIDADE INTERNAÇÃO - CLINICA CIRURGICA;2025;9;1;106;0,009433962264150943
HAC;UNIDADE INTERNAÇÃO - CLINICA MÉDICA;2025;9;8;195;0,041025641025641026
HAC;UTI - ADULTO;2025;9;0;8;0,0
HAC;AMBULATORIO DE ONCOLOGIA CLINICA;2025;10;0;1;0,0
HAC;CTI ADULTO;2025;10;2;7;0,2857142857142857
HAC;UDC - OBSERVAÇÃO;2025;10;0;8;0,0
HAC;UNIDADE DE INTERNAÇÃO - CLÍNICA CIRÚRGICA;2025;10;1;62;0,016129032258064516
HAC;UNIDADE DE INTERNAÇÃO - CLÍNICA MÉDICA;2025;10;5;121;0,04132231404958678
HAC;UNIDADE INTERNAÇÃO - CLINICA CIRURGICA;2025;10;2;54;0,037037037037037035
HAC;UNIDADE INTERNAÇÃO - CLINICA MÉDICA;2025;10;5;81;0,06172839506172839
HAC;UTI - ADULTO;2025;10;0;5;0,0
HAC;CTI ADULTO;2025;11;0;6;0,0
HAC;UDC - OBSERVAÇÃO;2025;11;1;27;0,037037037037037035
HAC;UNIDADE DE INTERNAÇÃO - CLÍNICA CIRÚRGICA;2025;11;1;96;0,010416666666666666
HAC;UNIDADE DE INTERNAÇÃO - CLÍNICA MÉDICA;2025;11;5;175;0,02857142857142857
HAC;CTI ADULTO;2025;12;2;7;0,2857142857142857
HAC;UDC - OBSERVAÇÃO;2025;12;0;12;0,0
HAC;UNIDADE DE INTERNAÇÃO - CLÍNICA CIRÚRGICA;2025;12;3;111;0,02702702702702703
HAC;UNIDADE DE INTERNAÇÃO - CLÍNICA MÉDICA;2025;12;7;167;0,041916167664670656
HAC;CTI ADULTO;2026;1;2;15;0,13333333333333333
HAC;UDC - OBSERVAÇÃO;2026;1;2;6;0,3333333333333333
HAC;UNIDADE DE INTERNAÇÃO - CLÍNICA CIRÚRGICA;2026;1;3;96;0,03125
HAC;UNIDADE DE INTERNAÇÃO - CLÍNICA MÉDICA;2026;1;10;170;0,058823529411764705
HAC;CTI ADULTO;2026;2;0;8;0,0
HAC;UDC - OBSERVAÇÃO;2026;2;0;12;0,0
HAC;UNIDADE DE INTERNAÇÃO - CLÍNICA CIRÚRGICA;2026;2;0;78;0,0
HAC;UNIDADE DE INTERNAÇÃO - CLÍNICA MÉDICA;2026;2;9;160;0,05625
HAC;CTI ADULTO;2026;3;2;11;0,18181818181818182
HAC;UDC - OBSERVAÇÃO;2026;3;2;25;0,08
HAC;UNIDADE DE INTERNAÇÃO - CLÍNICA CIRÚRGICA;2026;3;3;124;0,024193548387096774
HAC;UNIDADE DE INTERNAÇÃO - CLÍNICA MÉDICA;2026;3;6;168;0,03571428571428571
HAC;CTI ADULTO;2026;4;1;12;0,08333333333333333
HAC;UDC - OBSERVAÇÃO;2026;4;1;19;0,05263157894736842
HAC;UNIDADE DE INTERNAÇÃO - CLÍNICA CIRÚRGICA;2026;4;0;98;0,0
HAC;UNIDADE DE INTERNAÇÃO - CLÍNICA MÉDICA;2026;4;12;192;0,0625
HAC;CTI ADULTO;2026;5;0;6;0,0
HAC;UDC - OBSERVAÇÃO;2026;5;0;19;0,0
HAC;UNIDADE DE INTERNAÇÃO - CLÍNICA CIRÚRGICA;2026;5;1;96;0,010416666666666666
HAC;UNIDADE DE INTERNAÇÃO - CLÍNICA MÉDICA;2026;5;6;199;0,03015075376884422
HCM;UNIDADE DE CUIDADOS CONTINUADOS INTEGRADOS;2023;1;3;4;0,75
HCM;UNIDADE DE CUIDADOS CONTINUADOS INTEGRADOS;2023;2;1;1;1,0
HCM;UNIDADE DE CUIDADOS CONTINUADOS INTEGRADOS;2023;3;1;1;1,0
HCM;UNIDADE DE CUIDADOS CONTINUADOS INTEGRADOS;2023;4;2;2;1,0
HCM;UNIDADE DE CUIDADOS CONTINUADOS INTEGRADOS;2023;5;3;4;0,75
HCM;UNIDADE DE CUIDADOS CONTINUADOS INTEGRADOS;2023;6;2;5;0,4
HCM;BLOCO CIRURGICO;2023;7;1;1;1,0
HCM;UNIDADE DE CUIDADOS CONTINUADOS INTEGRADOS;2023;7;1;1;1,0
HCM;UNIDADE DE CUIDADOS CONTINUADOS INTEGRADOS;2023;8;5;5;1,0
HCM;UNIDADE DE CUIDADOS CONTINUADOS INTEGRADOS;2023;9;4;4;1,0
HCM;UNIDADE DE CUIDADOS CONTINUADOS INTEGRADOS;2023;10;4;4;1,0
HCM;UNIDADE DE CUIDADOS CONTINUADOS INTEGRADOS;2023;11;3;8;0,375
HCM;UNIDADE DE CUIDADOS CONTINUADOS INTEGRADOS;2023;12;4;4;1,0
HCM;UNIDADE DE CUIDADOS CONTINUADOS INTEGRADOS;2024;1;3;3;1,0
HCM;UNIDADE DE CUIDADOS CONTINUADOS INTEGRADOS;2024;2;4;7;0,5714285714285714
HCM;UNIDADE DE CUIDADOS CONTINUADOS INTEGRADOS;2024;3;5;23;0,21739130434782608
HCM;UNIDADE DE CUIDADOS CONTINUADOS INTEGRADOS;2024;4;4;57;0,07017543859649122
HCM;UNIDADE DE CUIDADOS CONTINUADOS INTEGRADOS;2024;5;5;30;0,16666666666666666
HCM;UNIDADE DE CUIDADOS CONTINUADOS INTEGRADOS;2024;6;3;13;0,23076923076923078
HCM;UNIDADE DE CUIDADOS CONTINUADOS INTEGRADOS;2024;7;3;14;0,21428571428571427
HCM;UNIDADE DE CUIDADOS CONTINUADOS INTEGRADOS;2024;8;2;3;0,6666666666666666
HCM;UNIDADE DE CUIDADOS CONTINUADOS INTEGRADOS;2024;9;5;5;1,0
HCM;UNIDADE DE CUIDADOS CONTINUADOS INTEGRADOS;2024;10;2;2;1,0
HCM;UNIDADE DE CUIDADOS CONTINUADOS INTEGRADOS;2024;11;4;5;0,8
HCM;UNIDADE DE CUIDADOS CONTINUADOS INTEGRADOS;2024;12;5;10;0,5
HCM;UNIDADE DE CUIDADOS CONTINUADOS INTEGRADOS;2025;1;4;4;1,0
HCM;UNIDADE DE CUIDADOS CONTINUADOS INTEGRADOS;2025;2;3;10;0,3
HCM;UNIDADE DE CUIDADOS CONTINUADOS INTEGRADOS;2025;3;5;7;0,7142857142857143
HCM;UNIDADE DE CUIDADOS CONTINUADOS INTEGRADOS;2025;4;6;10;0,6
HCM;UNIDADE DE CUIDADOS CONTINUADOS INTEGRADOS;2025;5;3;6;0,5
HCM;UNIDADE DE CUIDADOS CONTINUADOS INTEGRADOS;2025;6;4;7;0,5714285714285714
HCM;UNIDADE DE CUIDADOS CONTINUADOS INTEGRADOS;2025;7;9;12;0,75
HCM;UNIDADE DE CUIDADOS CONTINUADOS INTEGRADOS;2025;8;4;9;0,4444444444444444
HCM;BLOCO CIRURGICO;2025;9;0;2;0,0
HCM;UNIDADE DE CUIDADOS CONTINUADOS INTEGRADOS;2025;9;6;11;0,5454545454545454
HCM;UNIDADE INTERNAÇÃO - CLINICA CIRURGICA;2025;9;0;6;0,0
HCM;UNIDADE DE CUIDADOS CONTINUADOS INTEGRADOS;2025;10;5;6;0,8333333333333334
HCM;UNIDADE INTERNAÇÃO - CLINICA CIRURGICA;2025;10;0;6;0,0
HCM;BLOCO CIRURGICO;2025;11;0;2;0,0
HCM;UCC - ALA C;2025;11;0;5;0,0
HCM;UICP - ALA A;2025;11;2;3;0,6666666666666666
HCM;UICP - ALA B;2025;11;0;1;0,0
HCM;UNIDADE DE CUIDADOS CONTINUADOS INTEGRADOS;2025;11;4;5;0,8
HCM;UNIDADE INTERNAÇÃO - CLINICA CIRURGICA;2025;11;0;8;0,0
HCM;UCC - ALA C;2025;12;0;9;0,0
HCM;UICP - ALA A;2025;12;3;4;0,75
HCM;UICP - ALA B;2025;12;2;4;0,5
HCM;UICP - ALA C;2025;12;1;1;1,0
HCM;UCC - ALA C;2026;1;0;12;0,0
HCM;UICP - ALA A;2026;1;1;3;0,3333333333333333
HCM;UICP - ALA B;2026;1;1;1;1,0
HCM;UCC - ALA C;2026;2;0;22;0,0
HCM;UICP - ALA A;2026;2;2;2;1,0
HCM;UICP - ALA B;2026;2;1;3;0,3333333333333333
HCM;UCC - ALA C;2026;3;0;40;0,0
HCM;UICP - ALA A;2026;3;1;4;0,25
HCM;UICP - ALA B;2026;3;3;4;0,75
HCM;UCC - ALA C;2026;4;0;52;0,0
HCM;UICP - ALA A;2026;4;4;4;1,0
HCM;UICP - ALA B;2026;4;1;3;0,3333333333333333
HCM;UCC - ALA C;2026;5;0;43;0,0
HCM;UICP - ALA A;2026;5;3;5;0,6
HCM;UICP - ALA B;2026;5;1;2;0,5
HEM;AMBULATORIO DE INFECTOLOGIA;2023;1;0;1;0,0
HEM;UNIDADE INTERNAÇÃO - DOENÇAS INFECTO-CONTAGIOSAS E PARASITÁRIAS DOENÇAS INFECTO CONTAGIOSAS;2023;1;9;145;0,06206896551724138
HEM;UTI - ADULTO;2023;1;3;13;0,23076923076923078
HEM;UNIDADE INTERNAÇÃO - DOENÇAS INFECTO-CONTAGIOSAS E PARASITÁRIAS DOENÇAS INFECTO CONTAGIOSAS;2023;2;10;143;0,06993006993006994
HEM;UTI - ADULTO;2023;2;0;10;0,0
HEM;UNIDADE INTERNAÇÃO - DOENÇAS INFECTO-CONTAGIOSAS E PARASITÁRIAS DOENÇAS INFECTO CONTAGIOSAS;2023;3;10;148;0,06756756756756757
HEM;UTI - ADULTO;2023;3;2;14;0,14285714285714285
HEM;UNIDADE INTERNAÇÃO - DOENÇAS INFECTO-CONTAGIOSAS E PARASITÁRIAS DOENÇAS INFECTO CONTAGIOSAS;2023;4;16;146;0,1095890410958904
HEM;UTI - ADULTO;2023;4;0;4;0,0
HEM;UNIDADE INTERNAÇÃO - DOENÇAS INFECTO-CONTAGIOSAS E PARASITÁRIAS DOENÇAS INFECTO CONTAGIOSAS;2023;5;22;133;0,16541353383458646
HEM;UTI - ADULTO;2023;5;0;13;0,0
HEM;UNIDADE INTERNAÇÃO - DOENÇAS INFECTO-CONTAGIOSAS E PARASITÁRIAS DOENÇAS INFECTO CONTAGIOSAS;2023;6;20;159;0,12578616352201258
HEM;UTI - ADULTO;2023;6;1;3;0,3333333333333333
HEM;UNIDADE INTERNAÇÃO - DOENÇAS INFECTO-CONTAGIOSAS E PARASITÁRIAS DOENÇAS INFECTO CONTAGIOSAS;2023;7;11;122;0,09016393442622951
HEM;UTI - ADULTO;2023;7;2;10;0,2
HEM;UNIDADE INTERNAÇÃO - DOENÇAS INFECTO-CONTAGIOSAS E PARASITÁRIAS DOENÇAS INFECTO CONTAGIOSAS;2023;8;19;165;0,11515151515151516
HEM;UTI - ADULTO;2023;8;3;14;0,21428571428571427
HEM;UNIDADE INTERNAÇÃO - DOENÇAS INFECTO-CONTAGIOSAS E PARASITÁRIAS DOENÇAS INFECTO CONTAGIOSAS;2023;9;7;124;0,056451612903225805
HEM;UTI - ADULTO;2023;9;2;10;0,2
HEM;UNIDADE INTERNAÇÃO - DOENÇAS INFECTO-CONTAGIOSAS E PARASITÁRIAS DOENÇAS INFECTO CONTAGIOSAS;2023;10;20;115;0,17391304347826086
HEM;UTI - ADULTO;2023;10;3;10;0,3
HEM;UNIDADE INTERNAÇÃO - DOENÇAS INFECTO-CONTAGIOSAS E PARASITÁRIAS DOENÇAS INFECTO CONTAGIOSAS;2023;11;12;125;0,096
HEM;UTI - ADULTO;2023;11;2;6;0,3333333333333333
HEM;UNIDADE INTERNAÇÃO - DOENÇAS INFECTO-CONTAGIOSAS E PARASITÁRIAS DOENÇAS INFECTO CONTAGIOSAS;2023;12;9;123;0,07317073170731707
HEM;UTI - ADULTO;2023;12;6;16;0,375
HEM;UNIDADE INTERNAÇÃO - DOENÇAS INFECTO-CONTAGIOSAS E PARASITÁRIAS DOENÇAS INFECTO CONTAGIOSAS;2024;1;17;237;0,07172995780590717
HEM;UTI - ADULTO;2024;1;1;12;0,08333333333333333
HEM;UNIDADE INTERNAÇÃO - DOENÇAS INFECTO-CONTAGIOSAS E PARASITÁRIAS DOENÇAS INFECTO CONTAGIOSAS;2024;2;7;367;0,01907356948228883
HEM;UTI - ADULTO;2024;2;1;9;0,1111111111111111
HEM;HOSPITAL DIA;2024;3;1;1;1,0
HEM;UNIDADE INTERNAÇÃO - DOENÇAS INFECTO-CONTAGIOSAS E PARASITÁRIAS DOENÇAS INFECTO CONTAGIOSAS;2024;3;9;411;0,021897810218978103
HEM;UTI - ADULTO;2024;3;0;11;0,0
HEM;UNIDADE INTERNAÇÃO - DOENÇAS INFECTO-CONTAGIOSAS E PARASITÁRIAS DOENÇAS INFECTO CONTAGIOSAS;2024;4;13;365;0,03561643835616438
HEM;UTI - ADULTO;2024;4;0;12;0,0
HEM;UNIDADE INTERNAÇÃO - DOENÇAS INFECTO-CONTAGIOSAS E PARASITÁRIAS DOENÇAS INFECTO CONTAGIOSAS;2024;5;10;245;0,04081632653061224
HEM;UTI - ADULTO;2024;5;1;11;0,09090909090909091
HEM;UNIDADE INTERNAÇÃO - DOENÇAS INFECTO-CONTAGIOSAS E PARASITÁRIAS DOENÇAS INFECTO CONTAGIOSAS;2024;6;16;150;0,10666666666666667
HEM;UTI - ADULTO;2024;6;2;14;0,14285714285714285
HEM;UNIDADE INTERNAÇÃO - DOENÇAS INFECTO-CONTAGIOSAS E PARASITÁRIAS DOENÇAS INFECTO CONTAGIOSAS;2024;7;15;157;0,09554140127388536
HEM;UTI - ADULTO;2024;7;0;2;0,0
HEM;UNIDADE INTERNAÇÃO - DOENÇAS INFECTO-CONTAGIOSAS E PARASITÁRIAS DOENÇAS INFECTO CONTAGIOSAS;2024;8;13;133;0,09774436090225563
HEM;UTI - ADULTO;2024;8;2;4;0,5
HEM;UNIDADE INTERNAÇÃO - DOENÇAS INFECTO-CONTAGIOSAS E PARASITÁRIAS DOENÇAS INFECTO CONTAGIOSAS;2024;9;15;143;0,1048951048951049
HEM;UTI - ADULTO;2024;9;3;13;0,23076923076923078
HEM;UNIDADE INTERNAÇÃO - DOENÇAS INFECTO-CONTAGIOSAS E PARASITÁRIAS DOENÇAS INFECTO CONTAGIOSAS;2024;10;14;142;0,09859154929577464
HEM;UTI - ADULTO;2024;10;1;3;0,3333333333333333
HEM;UNIDADE INTERNAÇÃO - DOENÇAS INFECTO-CONTAGIOSAS E PARASITÁRIAS DOENÇAS INFECTO CONTAGIOSAS;2024;11;10;138;0,07246376811594203
HEM;UTI - ADULTO;2024;11;2;10;0,2
HEM;UNIDADE INTERNAÇÃO - DOENÇAS INFECTO-CONTAGIOSAS E PARASITÁRIAS DOENÇAS INFECTO CONTAGIOSAS;2024;12;12;134;0,08955223880597014
HEM;UTI - ADULTO;2024;12;1;10;0,1
HEM;AMBULATORIO DE INFECTOLOGIA;2025;1;1;2;0,5
HEM;UNIDADE INTERNAÇÃO - DOENÇAS INFECTO-CONTAGIOSAS E PARASITÁRIAS DOENÇAS INFECTO CONTAGIOSAS;2025;1;12;135;0,08888888888888889
HEM;UTI - ADULTO;2025;1;0;6;0,0
HEM;UNIDADE INTERNAÇÃO - DOENÇAS INFECTO-CONTAGIOSAS E PARASITÁRIAS DOENÇAS INFECTO CONTAGIOSAS;2025;2;14;123;0,11382113821138211
HEM;UTI - ADULTO;2025;2;3;10;0,3
HEM;UNIDADE INTERNAÇÃO - DOENÇAS INFECTO-CONTAGIOSAS E PARASITÁRIAS DOENÇAS INFECTO CONTAGIOSAS;2025;3;16;147;0,10884353741496598
HEM;UTI - ADULTO;2025;3;1;11;0,09090909090909091
HEM;UNIDADE INTERNAÇÃO - DOENÇAS INFECTO-CONTAGIOSAS E PARASITÁRIAS DOENÇAS INFECTO CONTAGIOSAS;2025;4;16;159;0,10062893081761007
HEM;UTI - ADULTO;2025;4;2;13;0,15384615384615385
HEM;UNIDADE INTERNAÇÃO - DOENÇAS INFECTO-CONTAGIOSAS E PARASITÁRIAS DOENÇAS INFECTO CONTAGIOSAS;2025;5;10;164;0,06097560975609756
HEM;UTI - ADULTO;2025;5;0;14;0,0
HEM;ALA A;2025;6;5;41;0,12195121951219512
HEM;ALA C;2025;6;3;49;0,061224489795918366
HEM;ALA D;2025;6;0;14;0,0
HEM;CTI - ADULTO;2025;6;1;12;0,08333333333333333
HEM;UNIDADE INTERNAÇÃO - DOENÇAS INFECTO-CONTAGIOSAS E PARASITÁRIAS DOENÇAS INFECTO CONTAGIOSAS;2025;6;0;49;0,0
HEM;UTI - ADULTO;2025;6;0;5;0,0
HEM;ALA A;2025;7;9;81;0,1111111111111111
HEM;ALA C;2025;7;8;77;0,1038961038961039
HEM;ALA D;2025;7;0;16;0,0
HEM;CTI - ADULTO;2025;7;0;10;0,0
HEM;ALA A;2025;8;7;65;0,1076923076923077
HEM;ALA C;2025;8;5;72;0,06944444444444445
HEM;ALA D;2025;8;1;14;0,07142857142857142
HEM;CTI - ADULTO;2025;8;1;14;0,07142857142857142
HEM;ALA A;2025;9;8;79;0,10126582278481013
HEM;ALA C;2025;9;8;79;0,10126582278481013
HEM;ALA D;2025;9;1;13;0,07692307692307693
HEM;CTI - ADULTO;2025;9;2;13;0,15384615384615385
HEM;ALA A;2025;10;7;76;0,09210526315789473
HEM;ALA C;2025;10;4;81;0,04938271604938271
HEM;ALA D;2025;10;1;22;0,045454545454545456
HEM;CTI - ADULTO;2025;10;0;15;0,0
HEM;ALA A;2025;11;6;59;0,1016949152542373
HEM;ALA C;2025;11;4;70;0,05714285714285714
HEM;ALA D;2025;11;0;12;0,0
HEM;CTI - ADULTO;2025;11;0;12;0,0
HEM;ALA A;2025;12;6;67;0,08955223880597014
HEM;ALA C;2025;12;4;70;0,05714285714285714
HEM;ALA D;2025;12;1;23;0,043478260869565216
HEM;CTI - ADULTO;2025;12;1;10;0,1
HEM;ALA A;2026;1;6;62;0,0967741935483871
HEM;ALA C;2026;1;9;63;0,14285714285714285
HEM;ALA D;2026;1;1;16;0,0625
HEM;CTI - ADULTO;2026;1;0;10;0,0
HEM;ALA A;2026;2;11;64;0,171875
HEM;ALA C;2026;2;3;52;0,057692307692307696
HEM;ALA D;2026;2;0;18;0,0
HEM;CTI - ADULTO;2026;2;0;7;0,0
HEM;ALA A;2026;3;11;82;0,13414634146341464
HEM;ALA C;2026;3;5;75;0,06666666666666667
HEM;ALA D;2026;3;0;17;0,0
HEM;CTI - ADULTO;2026;3;0;12;0,0
HEM;ALA A;2026;4;5;64;0,078125
HEM;ALA C;2026;4;8;73;0,1095890410958904
HEM;ALA D;2026;4;1;17;0,058823529411764705
HEM;CTI - ADULTO;2026;4;1;9;0,1111111111111111
HEM;ALA A;2026;5;4;68;0,058823529411764705
HEM;ALA C;2026;5;7;86;0,08139534883720931
HEM;ALA D;2026;5;1;23;0,043478260869565216
HEM;CTI - ADULTO;2026;5;2;13;0,15384615384615385
HIJPII;UNIDADE INTERNAÇÃO - CLINICA PEDIÁTRICA;2023;1;10;204;0,049019607843137254
HIJPII;UNIDADE INTERNAÇÃO - CURTO PRAZO;2023;1;0;27;0,0
HIJPII;UNIDADE INTERNAÇÃO - DOENÇAS INFECTO-CONTAGIOSAS E PARASITÁRIAS;2023;1;1;95;0,010526315789473684
HIJPII;UTI;2023;1;1;4;0,25
HIJPII;UNIDADE INTERNAÇÃO - CLINICA PEDIÁTRICA;2023;2;10;273;0,03663003663003663
HIJPII;UNIDADE INTERNAÇÃO - CURTO PRAZO;2023;2;0;36;0,0
HIJPII;UNIDADE INTERNAÇÃO - DOENÇAS INFECTO-CONTAGIOSAS E PARASITÁRIAS;2023;2;2;134;0,014925373134328358
HIJPII;UTI;2023;2;0;2;0,0
HIJPII;UNIDADE INTERNAÇÃO - CLINICA PEDIÁTRICA;2023;3;4;310;0,012903225806451613
HIJPII;UNIDADE INTERNAÇÃO - CURTO PRAZO;2023;3;0;62;0,0
HIJPII;UNIDADE INTERNAÇÃO - DOENÇAS INFECTO-CONTAGIOSAS E PARASITÁRIAS;2023;3;0;152;0,0
HIJPII;UTI;2023;3;1;6;0,16666666666666666
HIJPII;UNIDADE INTERNAÇÃO - CLINICA PEDIÁTRICA;2023;4;9;258;0,03488372093023256
HIJPII;UNIDADE INTERNAÇÃO - CURTO PRAZO;2023;4;0;59;0,0
HIJPII;UNIDADE INTERNAÇÃO - DOENÇAS INFECTO-CONTAGIOSAS E PARASITÁRIAS;2023;4;0;152;0,0
HIJPII;UTI;2023;4;0;6;0,0
HIJPII;UNIDADE INTERNAÇÃO - CLINICA PEDIÁTRICA;2023;5;12;267;0,0449438202247191
HIJPII;UNIDADE INTERNAÇÃO - CURTO PRAZO;2023;5;0;77;0,0
HIJPII;UNIDADE INTERNAÇÃO - DOENÇAS INFECTO-CONTAGIOSAS E PARASITÁRIAS;2023;5;1;139;0,007194244604316547
HIJPII;UTI;2023;5;0;4;0,0
HIJPII;UNIDADE INTERNAÇÃO - CLINICA PEDIÁTRICA;2023;6;10;225;0,044444444444444446
HIJPII;UNIDADE INTERNAÇÃO - CURTO PRAZO;2023;6;0;46;0,0
HIJPII;UNIDADE INTERNAÇÃO - DOENÇAS INFECTO-CONTAGIOSAS E PARASITÁRIAS;2023;6;1;118;0,00847457627118644
HIJPII;UTI;2023;6;0;7;0,0
HIJPII;UNIDADE INTERNAÇÃO - CLINICA PEDIÁTRICA;2023;7;13;242;0,05371900826446281
HIJPII;UNIDADE INTERNAÇÃO - CURTO PRAZO;2023;7;0;73;0,0
HIJPII;UNIDADE INTERNAÇÃO - DOENÇAS INFECTO-CONTAGIOSAS E PARASITÁRIAS;2023;7;0;133;0,0
HIJPII;UTI;2023;7;0;3;0,0
HIJPII;UNIDADE INTERNAÇÃO - CLINICA PEDIÁTRICA;2023;8;13;200;0,065
HIJPII;UNIDADE INTERNAÇÃO - CURTO PRAZO;2023;8;0;46;0,0
HIJPII;UNIDADE INTERNAÇÃO - DOENÇAS INFECTO-CONTAGIOSAS E PARASITÁRIAS;2023;8;0;119;0,0
HIJPII;UTI;2023;8;1;9;0,1111111111111111
HIJPII;UNIDADE INTERNAÇÃO - CLINICA PEDIÁTRICA;2023;9;15;227;0,06607929515418502
HIJPII;UNIDADE INTERNAÇÃO - CURTO PRAZO;2023;9;0;45;0,0
HIJPII;UNIDADE INTERNAÇÃO - DOENÇAS INFECTO-CONTAGIOSAS E PARASITÁRIAS;2023;9;2;122;0,01639344262295082
HIJPII;UTI;2023;9;0;6;0,0
HIJPII;UNIDADE INTERNAÇÃO - CLINICA PEDIÁTRICA;2023;10;10;229;0,043668122270742356
HIJPII;UNIDADE INTERNAÇÃO - CURTO PRAZO;2023;10;0;30;0,0
HIJPII;UNIDADE INTERNAÇÃO - DOENÇAS INFECTO-CONTAGIOSAS E PARASITÁRIAS;2023;10;1;89;0,011235955056179775
HIJPII;UTI;2023;10;0;6;0,0
HIJPII;UNIDADE INTERNAÇÃO - CLINICA PEDIÁTRICA;2023;11;6;211;0,02843601895734597
HIJPII;UNIDADE INTERNAÇÃO - CURTO PRAZO;2023;11;0;28;0,0
HIJPII;UNIDADE INTERNAÇÃO - DOENÇAS INFECTO-CONTAGIOSAS E PARASITÁRIAS;2023;11;2;91;0,02197802197802198
HIJPII;UTI;2023;11;0;7;0,0
HIJPII;UNIDADE INTERNAÇÃO - CLINICA PEDIÁTRICA;2023;12;7;219;0,0319634703196347
HIJPII;UNIDADE INTERNAÇÃO - CURTO PRAZO;2023;12;0;20;0,0
HIJPII;UNIDADE INTERNAÇÃO - DOENÇAS INFECTO-CONTAGIOSAS E PARASITÁRIAS;2023;12;2;92;0,021739130434782608
HIJPII;UTI;2023;12;0;7;0,0
HIJPII;UNIDADE INTERNAÇÃO - CLINICA PEDIÁTRICA;2024;1;4;199;0,020100502512562814
HIJPII;UNIDADE INTERNAÇÃO - CURTO PRAZO;2024;1;0;30;0,0
HIJPII;UNIDADE INTERNAÇÃO - DOENÇAS INFECTO-CONTAGIOSAS E PARASITÁRIAS;2024;1;1;79;0,012658227848101266
HIJPII;UTI;2024;1;1;5;0,2
HIJPII;UNIDADE INTERNAÇÃO - CLINICA PEDIÁTRICA;2024;2;9;219;0,0410958904109589
HIJPII;UNIDADE INTERNAÇÃO - CURTO PRAZO;2024;2;0;51;0,0
HIJPII;UNIDADE INTERNAÇÃO - DOENÇAS INFECTO-CONTAGIOSAS E PARASITÁRIAS;2024;2;0;138;0,0
HIJPII;UTI;2024;2;0;5;0,0
HIJPII;RADIOLOGIA;2024;3;0;1;0,0
HIJPII;UNIDADE INTERNAÇÃO - CLINICA PEDIÁTRICA;2024;3;6;327;0,01834862385321101
HIJPII;UNIDADE INTERNAÇÃO - CURTO PRAZO;2024;3;0;126;0,0
HIJPII;UNIDADE INTERNAÇÃO - DOENÇAS INFECTO-CONTAGIOSAS E PARASITÁRIAS;2024;3;0;149;0,0
HIJPII;UTI;2024;3;0;3;0,0
HIJPII;UNIDADE INTERNAÇÃO - CLINICA PEDIÁTRICA;2024;4;7;335;0,020895522388059702
HIJPII;UNIDADE INTERNAÇÃO - CURTO PRAZO;2024;4;0;101;0,0
HIJPII;UNIDADE INTERNAÇÃO - DOENÇAS INFECTO-CONTAGIOSAS E PARASITÁRIAS;2024;4;2;170;0,011764705882352941
HIJPII;UTI;2024;4;0;3;0,0
HIJPII;AMBULATORIO - ESPECIALIDADES;2024;5;0;2;0,0
HIJPII;UNIDADE INTERNAÇÃO - CLINICA PEDIÁTRICA;2024;5;11;296;0,037162162162162164
HIJPII;UNIDADE INTERNAÇÃO - CURTO PRAZO;2024;5;0;51;0,0
HIJPII;UNIDADE INTERNAÇÃO - DOENÇAS INFECTO-CONTAGIOSAS E PARASITÁRIAS;2024;5;0;142;0,0
HIJPII;UTI;2024;5;0;7;0,0
HIJPII;UNIDADE INTERNAÇÃO - CLINICA PEDIÁTRICA;2024;6;10;260;0,038461538461538464
HIJPII;UNIDADE INTERNAÇÃO - CURTO PRAZO;2024;6;0;34;0,0
HIJPII;UNIDADE INTERNAÇÃO - DOENÇAS INFECTO-CONTAGIOSAS E PARASITÁRIAS;2024;6;1;102;0,00980392156862745
HIJPII;UTI;2024;6;0;4;0,0
HIJPII;UNIDADE INTERNAÇÃO - CLINICA PEDIÁTRICA;2024;7;8;236;0,03389830508474576
HIJPII;UNIDADE INTERNAÇÃO - CURTO PRAZO;2024;7;0;38;0,0
HIJPII;UNIDADE INTERNAÇÃO - DOENÇAS INFECTO-CONTAGIOSAS E PARASITÁRIAS;2024;7;0;109;0,0
HIJPII;UTI;2024;7;0;6;0,0
HIJPII;UNIDADE INTERNAÇÃO - CLINICA PEDIÁTRICA;2024;8;12;233;0,05150214592274678
HIJPII;UNIDADE INTERNAÇÃO - CURTO PRAZO;2024;8;0;22;0,0
HIJPII;UNIDADE INTERNAÇÃO - DOENÇAS INFECTO-CONTAGIOSAS E PARASITÁRIAS;2024;8;0;88;0,0
HIJPII;UTI;2024;8;0;7;0,0
HIJPII;UNIDADE INTERNAÇÃO - CLINICA PEDIÁTRICA;2024;9;8;245;0,0326530612244898
HIJPII;UNIDADE INTERNAÇÃO - CURTO PRAZO;2024;9;0;44;0,0
HIJPII;UNIDADE INTERNAÇÃO - DOENÇAS INFECTO-CONTAGIOSAS E PARASITÁRIAS;2024;9;1;100;0,01
HIJPII;UTI;2024;9;0;6;0,0
HIJPII;AMBULATORIO ESPECIALIDADES MEDICAS;2024;10;0;1;0,0
HIJPII;UNIDADE INTERNAÇÃO - CLINICA PEDIÁTRICA;2024;10;8;225;0,035555555555555556
HIJPII;UNIDADE INTERNAÇÃO - CURTO PRAZO;2024;10;0;33;0,0
HIJPII;UNIDADE INTERNAÇÃO - DOENÇAS INFECTO-CONTAGIOSAS E PARASITÁRIAS;2024;10;1;119;0,008403361344537815
HIJPII;UTI;2024;10;0;7;0,0
HIJPII;UNIDADE INTERNAÇÃO - CLINICA PEDIÁTRICA;2024;11;5;222;0,02252252252252252
HIJPII;UNIDADE INTERNAÇÃO - CURTO PRAZO;2024;11;0;31;0,0
HIJPII;UNIDADE INTERNAÇÃO - DOENÇAS INFECTO-CONTAGIOSAS E PARASITÁRIAS;2024;11;0;96;0,0
HIJPII;UTI;2024;11;0;5;0,0
HIJPII;AMBULATORIO - ESPECIALIDADES;2024;12;0;1;0,0
HIJPII;UNIDADE INTERNAÇÃO - CLINICA PEDIÁTRICA;2024;12;10;240;0,041666666666666664
HIJPII;UNIDADE INTERNAÇÃO - CURTO PRAZO;2024;12;0;42;0,0
HIJPII;UNIDADE INTERNAÇÃO - DOENÇAS INFECTO-CONTAGIOSAS E PARASITÁRIAS;2024;12;1;111;0,009009009009009009
HIJPII;UTI;2024;12;1;9;0,1111111111111111
HIJPII;UNIDADE INTERNAÇÃO - CLINICA PEDIÁTRICA;2025;1;9;239;0,03765690376569038
HIJPII;UNIDADE INTERNAÇÃO - CURTO PRAZO;2025;1;0;23;0,0
HIJPII;UNIDADE INTERNAÇÃO - DOENÇAS INFECTO-CONTAGIOSAS E PARASITÁRIAS;2025;1;1;78;0,01282051282051282
HIJPII;UTI;2025;1;2;4;0,5
HIJPII;UNIDADE INTERNAÇÃO - CLINICA PEDIÁTRICA;2025;2;10;208;0,04807692307692308
HIJPII;UNIDADE INTERNAÇÃO - CURTO PRAZO;2025;2;0;16;0,0
HIJPII;UNIDADE INTERNAÇÃO - DOENÇAS INFECTO-CONTAGIOSAS E PARASITÁRIAS;2025;2;0;119;0,0
HIJPII;UTI;2025;2;0;3;0,0
HIJPII;AMBULATORIO - ESPECIALIDADES;2025;3;1;1;1,0
HIJPII;UNIDADE INTERNAÇÃO - CLINICA PEDIÁTRICA;2025;3;6;263;0,022813688212927757
HIJPII;UNIDADE INTERNAÇÃO - CURTO PRAZO;2025;3;0;32;0,0
HIJPII;UNIDADE INTERNAÇÃO - DOENÇAS INFECTO-CONTAGIOSAS E PARASITÁRIAS;2025;3;0;150;0,0
HIJPII;UTI;2025;3;0;4;0,0
HIJPII;AMBULATORIO - ESPECIALIDADES;2025;4;0;2;0,0
HIJPII;UNIDADE INTERNAÇÃO - CLINICA PEDIÁTRICA;2025;4;4;326;0,012269938650306749
HIJPII;UNIDADE INTERNAÇÃO - CURTO PRAZO;2025;4;0;49;0,0
HIJPII;UNIDADE INTERNAÇÃO - DOENÇAS INFECTO-CONTAGIOSAS E PARASITÁRIAS;2025;4;0;153;0,0
HIJPII;UTI;2025;4;0;9;0,0
HIJPII;AMBULATORIO - ESPECIALIDADES;2025;5;0;1;0,0
HIJPII;UNIDADE INTERNAÇÃO - CLINICA PEDIÁTRICA;2025;5;8;330;0,024242424242424242
HIJPII;UNIDADE INTERNAÇÃO - CURTO PRAZO;2025;5;0;61;0,0
HIJPII;UNIDADE INTERNAÇÃO - DOENÇAS INFECTO-CONTAGIOSAS E PARASITÁRIAS;2025;5;3;169;0,01775147928994083
HIJPII;UTI;2025;5;0;7;0,0
HIJPII;AMBULATORIO - ESPECIALIDADES;2025;6;0;2;0,0
HIJPII;UNIDADE INTERNAÇÃO - CLINICA PEDIÁTRICA;2025;6;4;301;0,013289036544850499
HIJPII;UNIDADE INTERNAÇÃO - CURTO PRAZO;2025;6;0;40;0,0
HIJPII;UNIDADE INTERNAÇÃO - DOENÇAS INFECTO-CONTAGIOSAS E PARASITÁRIAS;2025;6;2;156;0,01282051282051282
HIJPII;UTI;2025;6;0;4;0,0
HIJPII;UNIDADE INTERNAÇÃO - CLINICA PEDIÁTRICA;2025;7;6;239;0,02510460251046025
HIJPII;UNIDADE INTERNAÇÃO - CURTO PRAZO;2025;7;0;20;0,0
HIJPII;UNIDADE INTERNAÇÃO - DOENÇAS INFECTO-CONTAGIOSAS E PARASITÁRIAS;2025;7;1;119;0,008403361344537815
HIJPII;UTI;2025;7;1;5;0,2
HIJPII;UNIDADE INTERNAÇÃO - CLINICA PEDIÁTRICA;2025;8;8;202;0,039603960396039604
HIJPII;UNIDADE INTERNAÇÃO - CURTO PRAZO;2025;8;0;25;0,0
HIJPII;UNIDADE INTERNAÇÃO - DOENÇAS INFECTO-CONTAGIOSAS E PARASITÁRIAS;2025;8;1;90;0,011111111111111112
HIJPII;UTI;2025;8;0;2;0,0
HIJPII;UNIDADE INTERNAÇÃO - CLINICA PEDIÁTRICA;2025;9;7;183;0,03825136612021858
HIJPII;UNIDADE INTERNAÇÃO - CURTO PRAZO;2025;9;0;22;0,0
HIJPII;UNIDADE INTERNAÇÃO - DOENÇAS INFECTO-CONTAGIOSAS E PARASITÁRIAS;2025;9;3;93;0,03225806451612903
HIJPII;UTI;2025;9;1;3;0,3333333333333333
HIJPII;AMBULATORIO - ESPECIALIDADES;2025;10;0;1;0,0
HIJPII;UNIDADE INTERNAÇÃO - CLINICA PEDIÁTRICA;2025;10;8;201;0,03980099502487562
HIJPII;UNIDADE INTERNAÇÃO - CURTO PRAZO;2025;10;0;20;0,0
HIJPII;UNIDADE INTERNAÇÃO - DOENÇAS INFECTO-CONTAGIOSAS E PARASITÁRIAS;2025;10;2;105;0,01904761904761905
HIJPII;UTI;2025;10;0;5;0,0
HIJPII;AMBULATORIO - ESPECIALIDADES;2025;11;0;1;0,0
HIJPII;UNIDADE INTERNAÇÃO - CLINICA PEDIÁTRICA;2025;11;3;198;0,015151515151515152
HIJPII;UNIDADE INTERNAÇÃO - CURTO PRAZO;2025;11;0;20;0,0
HIJPII;UNIDADE INTERNAÇÃO - DOENÇAS INFECTO-CONTAGIOSAS E PARASITÁRIAS;2025;11;3;117;0,02564102564102564
HIJPII;UTI;2025;11;0;12;0,0
HIJPII;UNIDADE INTERNAÇÃO - CLINICA PEDIÁTRICA;2025;12;8;210;0,0380952380952381
HIJPII;UNIDADE INTERNAÇÃO - CURTO PRAZO;2025;12;0;27;0,0
HIJPII;UNIDADE INTERNAÇÃO - DOENÇAS INFECTO-CONTAGIOSAS E PARASITÁRIAS;2025;12;2;129;0,015503875968992248
HIJPII;UTI;2025;12;2;7;0,2857142857142857
HIJPII;UNIDADE INTERNAÇÃO - CLINICA PEDIÁTRICA;2026;1;6;170;0,03529411764705882
HIJPII;UNIDADE INTERNAÇÃO - CURTO PRAZO;2026;1;0;31;0,0
HIJPII;UNIDADE INTERNAÇÃO - DOENÇAS INFECTO-CONTAGIOSAS E PARASITÁRIAS;2026;1;1;81;0,012345679012345678
HIJPII;UTI;2026;1;0;7;0,0
HIJPII;UNIDADE INTERNAÇÃO - CLINICA PEDIÁTRICA;2026;2;3;134;0,022388059701492536
HIJPII;UNIDADE INTERNAÇÃO - CURTO PRAZO;2026;2;0;18;0,0
HIJPII;UNIDADE INTERNAÇÃO - DOENÇAS INFECTO-CONTAGIOSAS E PARASITÁRIAS;2026;2;0;89;0,0
HIJPII;UTI;2026;2;0;3;0,0
HIJPII;UNIDADE INTERNAÇÃO - CLINICA PEDIÁTRICA;2026;3;5;202;0,024752475247524754
HIJPII;UNIDADE INTERNAÇÃO - CURTO PRAZO;2026;3;0;31;0,0
HIJPII;UNIDADE INTERNAÇÃO - DOENÇAS INFECTO-CONTAGIOSAS E PARASITÁRIAS;2026;3;0;158;0,0
HIJPII;UTI;2026;3;0;4;0,0
HIJPII;UNIDADE INTERNAÇÃO - CLINICA PEDIÁTRICA;2026;4;8;235;0,03404255319148936
HIJPII;UNIDADE INTERNAÇÃO - CURTO PRAZO;2026;4;0;59;0,0
HIJPII;UNIDADE INTERNAÇÃO - DOENÇAS INFECTO-CONTAGIOSAS E PARASITÁRIAS;2026;4;1;160;0,00625
HIJPII;UTI;2026;4;0;8;0,0
HIJPII;AMBULATORIO - ESPECIALIDADES;2026;5;0;2;0,0
HIJPII;UNIDADE INTERNAÇÃO - CLINICA PEDIÁTRICA;2026;5;11;288;0,03819444444444445
HIJPII;UNIDADE INTERNAÇÃO - CURTO PRAZO;2026;5;1;52;0,019230769230769232
HIJPII;UNIDADE INTERNAÇÃO - DOENÇAS INFECTO-CONTAGIOSAS E PARASITÁRIAS;2026;5;2;142;0,014084507042253521
HIJPII;UTI;2026;5;0;7;0,0
HJK;ALOJAMENTO CONJUNTO;2023;1;2;208;0,009615384615384616
HJK;UCI - UNIDADE DE CUIDADO INTERMEDIARIO NEONATAL CONVENCIONAL;2023;1;2;5;0,4
HJK;UNIDADE INTERNAÇÃO - CLINICA CIRURGICA;2023;1;3;77;0,03896103896103896
HJK;UNIDADE INTERNAÇÃO - CLINICA MÉDICA;2023;1;3;122;0,02459016393442623
HJK;UNIDADE INTERNAÇÃO - CLINICA PNEUMOLOGICA;2023;1;3;81;0,037037037037037035
HJK;UNIDADE INTERNAÇÃO - CLINICA TISIOLÓGICA;2023;1;1;20;0,05
HJK;UNIDADE URGENCIA/EMERGENCIA;2023;1;2;119;0,01680672268907563
HJK;UTI - ADULTO;2023;1;5;12;0,4166666666666667
HJK;UTI - NEONATAL;2023;1;2;6;0,3333333333333333
HJK;ALOJAMENTO CONJUNTO;2023;2;0;212;0,0
HJK;UCI - UNIDADE DE CUIDADO INTERMEDIARIO NEONATAL CONVENCIONAL;2023;2;1;10;0,1
HJK;UNIDADE INTERNAÇÃO - CLINICA CIRURGICA;2023;2;2;62;0,03225806451612903
HJK;UNIDADE INTERNAÇÃO - CLINICA MÉDICA;2023;2;11;115;0,09565217391304348
HJK;UNIDADE INTERNAÇÃO - CLINICA PNEUMOLOGICA;2023;2;7;100;0,07
HJK;UNIDADE INTERNAÇÃO - CLINICA TISIOLÓGICA;2023;2;2;17;0,11764705882352941
HJK;UNIDADE URGENCIA/EMERGENCIA;2023;2;5;134;0,03731343283582089
HJK;UTI - ADULTO;2023;2;1;16;0,0625
HJK;UTI - NEONATAL;2023;2;0;2;0,0
HJK;ALOJAMENTO CONJUNTO;2023;3;0;243;0,0
HJK;UCI - UNIDADE DE CUIDADO INTERMEDIARIO NEONATAL CONVENCIONAL;2023;3;4;12;0,3333333333333333
HJK;UNIDADE INTERNAÇÃO - CLINICA CIRURGICA;2023;3;5;68;0,07352941176470588
HJK;UNIDADE INTERNAÇÃO - CLINICA MÉDICA;2023;3;4;125;0,032
HJK;UNIDADE INTERNAÇÃO - CLINICA PNEUMOLOGICA;2023;3;7;110;0,06363636363636363
HJK;UNIDADE INTERNAÇÃO - CLINICA TISIOLÓGICA;2023;3;6;28;0,21428571428571427
HJK;UNIDADE URGENCIA/EMERGENCIA;2023;3;1;185;0,005405405405405406
HJK;UTI - ADULTO;2023;3;0;11;0,0
HJK;UTI - NEONATAL;2023;3;1;1;1,0
HJK;ALOJAMENTO CONJUNTO;2023;4;0;225;0,0
HJK;UCI - UNIDADE DE CUIDADO INTERMEDIARIO NEONATAL CONVENCIONAL;2023;4;3;6;0,5
HJK;UNIDADE INTERNAÇÃO - CLINICA CIRURGICA;2023;4;2;72;0,027777777777777776
HJK;UNIDADE INTERNAÇÃO - CLINICA MÉDICA;2023;4;7;110;0,06363636363636363
HJK;UNIDADE INTERNAÇÃO - CLINICA PNEUMOLOGICA;2023;4;4;104;0,038461538461538464
HJK;UNIDADE INTERNAÇÃO - CLINICA TISIOLÓGICA;2023;4;3;22;0,13636363636363635
HJK;UNIDADE URGENCIA/EMERGENCIA;2023;4;3;167;0,017964071856287425
HJK;UTI - ADULTO;2023;4;2;15;0,13333333333333333
HJK;UTI - NEONATAL;2023;4;0;3;0,0
HJK;ALOJAMENTO CONJUNTO;2023;5;2;248;0,008064516129032258
HJK;UCI - UNIDADE DE CUIDADO INTERMEDIARIO NEONATAL CONVENCIONAL;2023;5;3;7;0,42857142857142855
HJK;UNIDADE INTERNAÇÃO - CLINICA CIRURGICA;2023;5;5;89;0,056179775280898875
HJK;UNIDADE INTERNAÇÃO - CLINICA MÉDICA;2023;5;8;102;0,0784313725490196
HJK;UNIDADE INTERNAÇÃO - CLINICA PNEUMOLOGICA;2023;5;6;111;0,05405405405405406
HJK;UNIDADE INTERNAÇÃO - CLINICA TISIOLÓGICA;2023;5;8;22;0,36363636363636365
HJK;UNIDADE URGENCIA/EMERGENCIA;2023;5;5;233;0,02145922746781116
HJK;UTI - ADULTO;2023;5;2;24;0,08333333333333333
HJK;UTI - NEONATAL;2023;5;0;1;0,0
HJK;ALOJAMENTO CONJUNTO;2023;6;1;229;0,004366812227074236
HJK;UCI - UNIDADE DE CUIDADO INTERMEDIARIO NEONATAL CONVENCIONAL;2023;6;5;18;0,2777777777777778
HJK;UNIDADE INTERNAÇÃO - CLINICA CIRURGICA;2023;6;1;82;0,012195121951219513
HJK;UNIDADE INTERNAÇÃO - CLINICA MÉDICA;2023;6;10;114;0,08771929824561403
HJK;UNIDADE INTERNAÇÃO - CLINICA PNEUMOLOGICA;2023;6;8;110;0,07272727272727272
HJK;UNIDADE INTERNAÇÃO - CLINICA TISIOLÓGICA;2023;6;5;17;0,29411764705882354
HJK;UNIDADE URGENCIA/EMERGENCIA;2023;6;5;181;0,027624309392265192
HJK;UTI - ADULTO;2023;6;4;28;0,14285714285714285
HJK;UTI - NEONATAL;2023;6;0;4;0,0
HJK;ALOJAMENTO CONJUNTO;2023;7;0;270;0,0
HJK;UCI - UNIDADE DE CUIDADO INTERMEDIARIO NEONATAL CONVENCIONAL;2023;7;1;8;0,125
HJK;UNIDADE INTERNAÇÃO - CLINICA CIRURGICA;2023;7;5;79;0,06329113924050633
HJK;UNIDADE INTERNAÇÃO - CLINICA MÉDICA;2023;7;9;107;0,08411214953271028
HJK;UNIDADE INTERNAÇÃO - CLINICA PNEUMOLOGICA;2023;7;8;113;0,07079646017699115
HJK;UNIDADE INTERNAÇÃO - CLINICA TISIOLÓGICA;2023;7;2;19;0,10526315789473684
HJK;UNIDADE URGENCIA/EMERGENCIA;2023;7;3;221;0,013574660633484163
HJK;UTI - ADULTO;2023;7;3;18;0,16666666666666666
HJK;UTI - NEONATAL;2023;7;1;2;0,5
HJK;ALOJAMENTO CONJUNTO;2023;8;1;280;0,0035714285714285713
HJK;UCI - UNIDADE DE CUIDADO INTERMEDIARIO NEONATAL CONVENCIONAL;2023;8;3;5;0,6
HJK;UNIDADE INTERNAÇÃO - CLINICA CIRURGICA;2023;8;2;108;0,018518518518518517
HJK;UNIDADE INTERNAÇÃO - CLINICA MÉDICA;2023;8;13;111;0,11711711711711711
HJK;UNIDADE INTERNAÇÃO - CLINICA PNEUMOLOGICA;2023;8;9;123;0,07317073170731707
HJK;UNIDADE INTERNAÇÃO - CLINICA TISIOLÓGICA;2023;8;9;31;0,2903225806451613
HJK;UNIDADE URGENCIA/EMERGENCIA;2023;8;3;222;0,013513513513513514
HJK;UTI - ADULTO;2023;8;3;31;0,0967741935483871
HJK;UTI - NEONATAL;2023;8;0;1;0,0
HJK;ALOJAMENTO CONJUNTO;2023;9;1;240;0,004166666666666667
HJK;UCI - UNIDADE DE CUIDADO INTERMEDIARIO NEONATAL CONVENCIONAL;2023;9;2;6;0,3333333333333333
HJK;UNIDADE INTERNAÇÃO - CLINICA CIRURGICA;2023;9;3;151;0,019867549668874173
HJK;UNIDADE INTERNAÇÃO - CLINICA MÉDICA;2023;9;14;102;0,13725490196078433
HJK;UNIDADE INTERNAÇÃO - CLINICA PNEUMOLOGICA;2023;9;1;111;0,009009009009009009
HJK;UNIDADE INTERNAÇÃO - CLINICA TISIOLÓGICA;2023;9;5;14;0,35714285714285715
HJK;UNIDADE URGENCIA/EMERGENCIA;2023;9;6;189;0,031746031746031744
HJK;UTI - ADULTO;2023;9;5;26;0,19230769230769232
HJK;UTI - NEONATAL;2023;9;1;2;0,5
HJK;ALOJAMENTO CONJUNTO;2023;10;0;251;0,0
HJK;UCI - UNIDADE DE CUIDADO INTERMEDIARIO NEONATAL CONVENCIONAL;2023;10;5;12;0,4166666666666667
HJK;UNIDADE INTERNAÇÃO - CLINICA CIRURGICA;2023;10;7;131;0,05343511450381679
HJK;UNIDADE INTERNAÇÃO - CLINICA MÉDICA;2023;10;11;104;0,10576923076923077
HJK;UNIDADE INTERNAÇÃO - CLINICA PNEUMOLOGICA;2023;10;12;115;0,10434782608695652
HJK;UNIDADE INTERNAÇÃO - CLINICA TISIOLÓGICA;2023;10;6;25;0,24
HJK;UNIDADE URGENCIA/EMERGENCIA;2023;10;4;255;0,01568627450980392
HJK;UTI - ADULTO;2023;10;0;31;0,0
HJK;ALOJAMENTO CONJUNTO;2023;11;1;250;0,004
HJK;UCI - UNIDADE DE CUIDADO INTERMEDIARIO NEONATAL CONVENCIONAL;2023;11;1;9;0,1111111111111111
HJK;UNIDADE INTERNAÇÃO - CLINICA CIRURGICA;2023;11;4;148;0,02702702702702703
HJK;UNIDADE INTERNAÇÃO - CLINICA MÉDICA;2023;11;13;115;0,11304347826086956
HJK;UNIDADE INTERNAÇÃO - CLINICA PNEUMOLOGICA;2023;11;11;87;0,12643678160919541
HJK;UNIDADE INTERNAÇÃO - CLINICA TISIOLÓGICA;2023;11;12;33;0,36363636363636365
HJK;UNIDADE URGENCIA/EMERGENCIA;2023;11;3;230;0,013043478260869565
HJK;UTI - ADULTO;2023;11;5;37;0,13513513513513514
HJK;UTI - NEONATAL;2023;11;0;2;0,0
HJK;ALOJAMENTO CONJUNTO;2023;12;0;253;0,0
HJK;UCI - UNIDADE DE CUIDADO INTERMEDIARIO NEONATAL CONVENCIONAL;2023;12;3;17;0,17647058823529413
HJK;UNIDADE INTERNAÇÃO - CLINICA CIRURGICA;2023;12;1;132;0,007575757575757576
HJK;UNIDADE INTERNAÇÃO - CLINICA MÉDICA;2023;12;8;116;0,06896551724137931
HJK;UNIDADE INTERNAÇÃO - CLINICA PNEUMOLOGICA;2023;12;9;114;0,07894736842105263
HJK;UNIDADE INTERNAÇÃO - CLINICA TISIOLÓGICA;2023;12;7;20;0,35
HJK;UNIDADE URGENCIA/EMERGENCIA;2023;12;2;233;0,008583690987124463
HJK;UTI - ADULTO;2023;12;4;40;0,1
HJK;UTI - NEONATAL;2023;12;0;2;0,0
HJK;ALOJAMENTO CONJUNTO;2024;1;0;255;0,0
HJK;UCI - UNIDADE DE CUIDADO INTERMEDIARIO NEONATAL CONVENCIONAL;2024;1;0;10;0,0
HJK;UNIDADE INTERNAÇÃO - CLINICA CIRURGICA;2024;1;1;141;0,0070921985815602835
HJK;UNIDADE INTERNAÇÃO - CLINICA MÉDICA;2024;1;5;119;0,04201680672268908
HJK;UNIDADE INTERNAÇÃO - CLINICA PNEUMOLOGICA;2024;1;4;112;0,03571428571428571
HJK;UNIDADE INTERNAÇÃO - CLINICA TISIOLÓGICA;2024;1;5;24;0,20833333333333334
HJK;UNIDADE URGENCIA/EMERGENCIA;2024;1;2;223;0,008968609865470852
HJK;UTI - ADULTO;2024;1;2;28;0,07142857142857142
HJK;ALOJAMENTO CONJUNTO;2024;2;1;253;0,003952569169960474
HJK;UCI - UNIDADE DE CUIDADO INTERMEDIARIO NEONATAL CONVENCIONAL;2024;2;2;8;0,25
HJK;UNIDADE INTERNAÇÃO - CLINICA CIRURGICA;2024;2;2;149;0,013422818791946308
HJK;UNIDADE INTERNAÇÃO - CLINICA MÉDICA;2024;2;7;126;0,05555555555555555
HJK;UNIDADE INTERNAÇÃO - CLINICA PNEUMOLOGICA;2024;2;5;110;0,045454545454545456
HJK;UNIDADE INTERNAÇÃO - CLINICA TISIOLÓGICA;2024;2;7;25;0,28
HJK;UNIDADE URGENCIA/EMERGENCIA;2024;2;1;314;0,0031847133757961785
HJK;UTI - ADULTO;2024;2;8;33;0,24242424242424243
HJK;UTI - NEONATAL;2024;2;1;2;0,5
HJK;ALOJAMENTO CONJUNTO;2024;3;3;294;0,01020408163265306
HJK;UCI - UNIDADE DE CUIDADO INTERMEDIARIO NEONATAL CONVENCIONAL;2024;3;5;10;0,5
HJK;UNIDADE INTERNAÇÃO - CLINICA CIRURGICA;2024;3;2;189;0,010582010582010581
HJK;UNIDADE INTERNAÇÃO - CLINICA MÉDICA;2024;3;5;127;0,03937007874015748
HJK;UNIDADE INTERNAÇÃO - CLINICA PNEUMOLOGICA;2024;3;4;106;0,03773584905660377
HJK;UNIDADE INTERNAÇÃO - CLINICA TISIOLÓGICA;2024;3;5;56;0,08928571428571429
HJK;UNIDADE URGENCIA/EMERGENCIA;2024;3;1;395;0,002531645569620253
HJK;UTI - ADULTO;2024;3;8;35;0,22857142857142856
HJK;UTI - NEONATAL;2024;3;0;1;0,0
HJK;ALOJAMENTO CONJUNTO;2024;4;0;283;0,0
HJK;UCI - UNIDADE DE CUIDADO INTERMEDIARIO NEONATAL CONVENCIONAL;2024;4;2;10;0,2
HJK;UNIDADE INTERNAÇÃO - CLINICA CIRURGICA;2024;4;1;186;0,005376344086021506
HJK;UNIDADE INTERNAÇÃO - CLINICA MÉDICA;2024;4;15;120;0,125
HJK;UNIDADE INTERNAÇÃO - CLINICA PNEUMOLOGICA;2024;4;7;117;0,05982905982905983
HJK;UNIDADE INTERNAÇÃO - CLINICA TISIOLÓGICA;2024;4;5;56;0,08928571428571429
HJK;UNIDADE URGENCIA/EMERGENCIA;2024;4;3;313;0,009584664536741214
HJK;UTI - ADULTO;2024;4;5;27;0,18518518518518517
HJK;UTI - NEONATAL;2024;4;1;4;0,25
HJK;ALOJAMENTO CONJUNTO;2024;5;0;308;0,0
HJK;UCI - UNIDADE DE CUIDADO INTERMEDIARIO NEONATAL CONVENCIONAL;2024;5;4;13;0,3076923076923077
HJK;UNIDADE INTERNAÇÃO - CLINICA CIRURGICA;2024;5;7;168;0,041666666666666664
HJK;UNIDADE INTERNAÇÃO - CLINICA MÉDICA;2024;5;9;134;0,06716417910447761
HJK;UNIDADE INTERNAÇÃO - CLINICA PNEUMOLOGICA;2024;5;6;122;0,04918032786885246
HJK;UNIDADE INTERNAÇÃO - CLINICA TISIOLÓGICA;2024;5;3;58;0,05172413793103448
HJK;UNIDADE URGENCIA/EMERGENCIA;2024;5;1;306;0,0032679738562091504
HJK;UTI - ADULTO;2024;5;7;41;0,17073170731707318
HJK;UTI - NEONATAL;2024;5;1;7;0,14285714285714285
HJK;ALOJAMENTO CONJUNTO;2024;6;0;263;0,0
HJK;AMBULATORIO ESPECIALIDADES MEDICAS;2024;6;0;1;0,0
HJK;UCI - UNIDADE DE CUIDADO INTERMEDIARIO NEONATAL CONVENCIONAL;2024;6;3;7;0,42857142857142855
HJK;UNIDADE INTERNAÇÃO - CLINICA CIRURGICA;2024;6;4;190;0,021052631578947368
HJK;UNIDADE INTERNAÇÃO - CLINICA MÉDICA;2024;6;12;133;0,09022556390977443
HJK;UNIDADE INTERNAÇÃO - CLINICA PNEUMOLOGICA;2024;6;9;120;0,075
HJK;UNIDADE INTERNAÇÃO - CLINICA TISIOLÓGICA;2024;6;5;50;0,1
HJK;UNIDADE URGENCIA/EMERGENCIA;2024;6;2;247;0,008097165991902834
HJK;UTI - ADULTO;2024;6;6;38;0,15789473684210525
HJK;UTI - NEONATAL;2024;6;1;7;0,14285714285714285
HJK;ALOJAMENTO CONJUNTO;2024;7;0;284;0,0
HJK;UCI - UNIDADE DE CUIDADO INTERMEDIARIO NEONATAL CONVENCIONAL;2024;7;3;16;0,1875
HJK;UNIDADE INTERNAÇÃO - CLINICA CIRURGICA;2024;7;4;179;0,0223463687150838
HJK;UNIDADE INTERNAÇÃO - CLINICA MÉDICA;2024;7;10;137;0,072992700729927
HJK;UNIDADE INTERNAÇÃO - CLINICA PNEUMOLOGICA;2024;7;9;105;0,08571428571428572
HJK;UNIDADE INTERNAÇÃO - CLINICA TISIOLÓGICA;2024;7;2;55;0,03636363636363636
HJK;UNIDADE URGENCIA/EMERGENCIA;2024;7;0;232;0,0
HJK;UTI - ADULTO;2024;7;6;37;0,16216216216216217
HJK;UTI - NEONATAL;2024;7;0;3;0,0
HJK;ALOJAMENTO CONJUNTO;2024;8;0;270;0,0
HJK;UCI - UNIDADE DE CUIDADO INTERMEDIARIO NEONATAL CONVENCIONAL;2024;8;7;28;0,25
HJK;UNIDADE INTERNAÇÃO - CLINICA CIRURGICA;2024;8;3;199;0,01507537688442211
HJK;UNIDADE INTERNAÇÃO - CLINICA MÉDICA;2024;8;11;115;0,09565217391304348
HJK;UNIDADE INTERNAÇÃO - CLINICA PNEUMOLOGICA;2024;8;13;129;0,10077519379844961
HJK;UNIDADE INTERNAÇÃO - CLINICA TISIOLÓGICA;2024;8;8;59;0,13559322033898305
HJK;UNIDADE URGENCIA/EMERGENCIA;2024;8;6;217;0,027649769585253458
HJK;UTI - ADULTO;2024;8;2;40;0,05
HJK;UTI - NEONATAL;2024;8;0;3;0,0
HJK;ALOJAMENTO CONJUNTO;2024;9;0;237;0,0
HJK;UCI - UNIDADE DE CUIDADO INTERMEDIARIO NEONATAL CONVENCIONAL;2024;9;5;17;0,29411764705882354
HJK;UNIDADE INTERNAÇÃO - CLINICA CIRURGICA;2024;9;2;179;0,0111731843575419
HJK;UNIDADE INTERNAÇÃO - CLINICA MÉDICA;2024;9;11;123;0,08943089430894309
HJK;UNIDADE INTERNAÇÃO - CLINICA PNEUMOLOGICA;2024;9;4;112;0,03571428571428571
HJK;UNIDADE INTERNAÇÃO - CLINICA TISIOLÓGICA;2024;9;13;63;0,20634920634920634
HJK;UNIDADE URGENCIA/EMERGENCIA;2024;9;3;226;0,01327433628318584
HJK;UTI - ADULTO;2024;9;5;34;0,14705882352941177
HJK;UTI - NEONATAL;2024;9;0;3;0,0
HJK;ALOJAMENTO CONJUNTO;2024;10;0;263;0,0
HJK;UCI - UNIDADE DE CUIDADO INTERMEDIARIO NEONATAL CONVENCIONAL;2024;10;3;19;0,15789473684210525
HJK;UNIDADE INTERNAÇÃO - CLINICA CIRURGICA;2024;10;3;209;0,014354066985645933
HJK;UNIDADE INTERNAÇÃO - CLINICA MÉDICA;2024;10;6;143;0,04195804195804196
HJK;UNIDADE INTERNAÇÃO - CLINICA PNEUMOLOGICA;2024;10;10;115;0,08695652173913043
HJK;UNIDADE INTERNAÇÃO - CLINICA TISIOLÓGICA;2024;10;7;72;0,09722222222222222
HJK;UNIDADE URGENCIA/EMERGENCIA;2024;10;10;220;0,045454545454545456
HJK;UTI - ADULTO;2024;10;2;40;0,05
HJK;UTI - NEONATAL;2024;10;0;4;0,0
HJK;ALOJAMENTO CONJUNTO;2024;11;0;222;0,0
HJK;UCI - UNIDADE DE CUIDADO INTERMEDIARIO NEONATAL CONVENCIONAL;2024;11;0;13;0,0
HJK;UNIDADE INTERNAÇÃO - CLINICA CIRURGICA;2024;11;1;198;0,005050505050505051
HJK;UNIDADE INTERNAÇÃO - CLINICA MÉDICA;2024;11;7;147;0,047619047619047616
HJK;UNIDADE INTERNAÇÃO - CLINICA PNEUMOLOGICA;2024;11;8;134;0,05970149253731343
HJK;UNIDADE INTERNAÇÃO - CLINICA TISIOLÓGICA;2024;11;8;55;0,14545454545454545
HJK;UNIDADE URGENCIA/EMERGENCIA;2024;11;4;193;0,02072538860103627
HJK;UTI - ADULTO;2024;11;3;28;0,10714285714285714
HJK;UTI - NEONATAL;2024;11;0;1;0,0
HJK;ALOJAMENTO CONJUNTO;2024;12;0;261;0,0
HJK;UCI - UNIDADE DE CUIDADO INTERMEDIARIO NEONATAL CONVENCIONAL;2024;12;5;21;0,23809523809523808
HJK;UNIDADE INTERNAÇÃO - CLINICA CIRURGICA;2024;12;1;155;0,0064516129032258064
HJK;UNIDADE INTERNAÇÃO - CLINICA MÉDICA;2024;12;5;148;0,033783783783783786
HJK;UNIDADE INTERNAÇÃO - CLINICA PNEUMOLOGICA;2024;12;9;135;0,06666666666666667
HJK;UNIDADE INTERNAÇÃO - CLINICA TISIOLÓGICA;2024;12;7;55;0,12727272727272726
HJK;UNIDADE URGENCIA/EMERGENCIA;2024;12;4;231;0,017316017316017316
HJK;UTI - ADULTO;2024;12;3;49;0,061224489795918366
HJK;UTI - NEONATAL;2024;12;0;3;0,0
HJK;ALOJAMENTO CONJUNTO;2025;1;1;285;0,0035087719298245615
HJK;AMBULATORIO - ASSISTENCIA SAÚDE DA MULHER;2025;1;0;1;0,0
HJK;UCI - UNIDADE DE CUIDADO INTERMEDIARIO NEONATAL CONVENCIONAL;2025;1;5;28;0,17857142857142858
HJK;UNIDADE INTERNAÇÃO - CLINICA CIRURGICA;2025;1;4;164;0,024390243902439025
HJK;UNIDADE INTERNAÇÃO - CLINICA MÉDICA;2025;1;6;118;0,05084745762711865
HJK;UNIDADE INTERNAÇÃO - CLINICA PNEUMOLOGICA;2025;1;3;113;0,02654867256637168
HJK;UNIDADE INTERNAÇÃO - CLINICA TISIOLÓGICA;2025;1;2;41;0,04878048780487805
HJK;UNIDADE URGENCIA/EMERGENCIA;2025;1;5;252;0,01984126984126984
HJK;UTI - ADULTO;2025;1;5;32;0,15625
HJK;UTI - NEONATAL;2025;1;0;3;0,0
HJK;ALOJAMENTO CONJUNTO;2025;2;1;284;0,0035211267605633804
HJK;UCI - UNIDADE DE CUIDADO INTERMEDIARIO NEONATAL CONVENCIONAL;2025;2;0;13;0,0
HJK;UNIDADE INTERNAÇÃO - CLINICA CIRURGICA;2025;2;2;171;0,011695906432748537
HJK;UNIDADE INTERNAÇÃO - CLINICA MÉDICA;2025;2;10;117;0,08547008547008547
HJK;UNIDADE INTERNAÇÃO - CLINICA PNEUMOLOGICA;2025;2;7;94;0,07446808510638298
HJK;UNIDADE INTERNAÇÃO - CLINICA TISIOLÓGICA;2025;2;11;50;0,22
HJK;UNIDADE URGENCIA/EMERGENCIA;2025;2;2;210;0,009523809523809525
HJK;UTI - ADULTO;2025;2;3;31;0,0967741935483871
HJK;UTI - NEONATAL;2025;2;1;2;0,5
HJK;ALOJAMENTO CONJUNTO;2025;3;1;284;0,0035211267605633804
HJK;UCI - UNIDADE DE CUIDADO INTERMEDIARIO NEONATAL CONVENCIONAL;2025;3;3;37;0,08108108108108109
HJK;UNIDADE INTERNAÇÃO - CLINICA CIRURGICA;2025;3;2;197;0,01015228426395939
HJK;UNIDADE INTERNAÇÃO - CLINICA MÉDICA;2025;3;15;121;0,12396694214876033
HJK;UNIDADE INTERNAÇÃO - CLINICA PNEUMOLOGICA;2025;3;11;109;0,10091743119266056
HJK;UNIDADE INTERNAÇÃO - CLINICA TISIOLÓGICA;2025;3;9;51;0,17647058823529413
HJK;UNIDADE URGENCIA/EMERGENCIA;2025;3;5;261;0,019157088122605363
HJK;UTI - ADULTO;2025;3;0;39;0,0
HJK;UTI - NEONATAL;2025;3;0;6;0,0
HJK;ALOJAMENTO CONJUNTO;2025;4;2;301;0,006644518272425249
HJK;UCI - UNIDADE DE CUIDADO INTERMEDIARIO NEONATAL CONVENCIONAL;2025;4;4;20;0,2
HJK;UNIDADE INTERNAÇÃO - CLINICA CIRURGICA;2025;4;1;135;0,007407407407407408
HJK;UNIDADE INTERNAÇÃO - CLINICA MÉDICA;2025;4;9;135;0,06666666666666667
HJK;UNIDADE INTERNAÇÃO - CLINICA PNEUMOLOGICA;2025;4;3;124;0,024193548387096774
HJK;UNIDADE INTERNAÇÃO - CLINICA TISIOLÓGICA;2025;4;9;61;0,14754098360655737
HJK;UNIDADE URGENCIA/EMERGENCIA;2025;4;4;249;0,01606425702811245
HJK;UTI - ADULTO;2025;4;1;27;0,037037037037037035
HJK;UTI - NEONATAL;2025;4;1;2;0,5
HJK;ALOJAMENTO CONJUNTO;2025;5;1;279;0,0035842293906810036
HJK;UCI - UNIDADE DE CUIDADO INTERMEDIARIO NEONATAL CONVENCIONAL;2025;5;1;19;0,05263157894736842
HJK;UNIDADE INTERNAÇÃO - CLINICA CIRURGICA;2025;5;5;169;0,029585798816568046
HJK;UNIDADE INTERNAÇÃO - CLINICA MÉDICA;2025;5;6;102;0,058823529411764705
HJK;UNIDADE INTERNAÇÃO - CLINICA PNEUMOLOGICA;2025;5;9;122;0,07377049180327869
HJK;UNIDADE INTERNAÇÃO - CLINICA TISIOLÓGICA;2025;5;5;60;0,08333333333333333
HJK;UNIDADE URGENCIA/EMERGENCIA;2025;5;8;244;0,03278688524590164
HJK;UTI - ADULTO;2025;5;5;36;0,1388888888888889
HJK;UTI - NEONATAL;2025;5;2;18;0,1111111111111111
HJK;ALOJAMENTO CONJUNTO;2025;6;0;274;0,0
HJK;UCI - UNIDADE DE CUIDADO INTERMEDIARIO NEONATAL CONVENCIONAL;2025;6;0;15;0,0
HJK;UNIDADE INTERNAÇÃO - CLINICA CIRURGICA;2025;6;5;165;0,030303030303030304
HJK;UNIDADE INTERNAÇÃO - CLINICA MÉDICA;2025;6;13;118;0,11016949152542373
HJK;UNIDADE INTERNAÇÃO - CLINICA PNEUMOLOGICA;2025;6;6;118;0,05084745762711865
HJK;UNIDADE INTERNAÇÃO - CLINICA TISIOLÓGICA;2025;6;6;48;0,125
HJK;UNIDADE URGENCIA/EMERGENCIA;2025;6;8;245;0,0326530612244898
HJK;UTI - ADULTO;2025;6;6;45;0,13333333333333333
HJK;UTI - NEONATAL;2025;6;2;14;0,14285714285714285
HJK;ALOJAMENTO CONJUNTO;2025;7;1;277;0,0036101083032490976
HJK;UCI - UNIDADE DE CUIDADO INTERMEDIARIO NEONATAL CONVENCIONAL;2025;7;0;19;0,0
HJK;UNIDADE INTERNAÇÃO - CLINICA CIRURGICA;2025;7;1;164;0,006097560975609756
HJK;UNIDADE INTERNAÇÃO - CLINICA MÉDICA;2025;7;20;142;0,14084507042253522
HJK;UNIDADE INTERNAÇÃO - CLINICA PNEUMOLOGICA;2025;7;8;128;0,0625
HJK;UNIDADE INTERNAÇÃO - CLINICA TISIOLÓGICA;2025;7;9;65;0,13846153846153847
HJK;UNIDADE URGENCIA/EMERGENCIA;2025;7;1;236;0,00423728813559322
HJK;UTI - ADULTO;2025;7;6;53;0,11320754716981132
HJK;UTI - NEONATAL;2025;7;6;18;0,3333333333333333
HJK;ALOJAMENTO CONJUNTO;2025;8;0;245;0,0
HJK;PRÉ-PARTO;2025;8;0;13;0,0
HJK;UCI - UNIDADE DE CUIDADO INTERMEDIARIO NEONATAL CANGURU;2025;8;0;10;0,0
HJK;UCI - UNIDADE DE CUIDADO INTERMEDIARIO NEONATAL CONVENCIONAL;2025;8;1;18;0,05555555555555555
HJK;UNIDADE INTERNAÇÃO - CLINICA CIRURGICA;2025;8;1;171;0,005847953216374269
HJK;UNIDADE INTERNAÇÃO - CLINICA MÉDICA;2025;8;8;147;0,05442176870748299
HJK;UNIDADE INTERNAÇÃO - CLINICA PNEUMOLOGICA;2025;8;6;117;0,05128205128205128
HJK;UNIDADE INTERNAÇÃO - CLINICA TISIOLÓGICA;2025;8;6;60;0,1
HJK;UNIDADE URGENCIA/EMERGENCIA;2025;8;9;264;0,03409090909090909
HJK;UTI - ADULTO;2025;8;2;39;0,05128205128205128
HJK;UTI - NEONATAL;2025;8;0;4;0,0
HJK;ALOJAMENTO CONJUNTO;2025;9;1;259;0,003861003861003861
HJK;AMBULATORIO - ASSISTENCIA SAÚDE DA MULHER;2025;9;0;1;0,0
HJK;PRÉ-PARTO;2025;9;0;21;0,0
HJK;UCI - UNIDADE DE CUIDADO INTERMEDIARIO NEONATAL CANGURU;2025;9;0;27;0,0
HJK;UCI - UNIDADE DE CUIDADO INTERMEDIARIO NEONATAL CONVENCIONAL;2025;9;1;9;0,1111111111111111
HJK;UNIDADE INTERNAÇÃO - CLINICA CIRURGICA;2025;9;0;157;0,0
HJK;UNIDADE INTERNAÇÃO - CLINICA MÉDICA;2025;9;10;119;0,08403361344537816
HJK;UNIDADE INTERNAÇÃO - CLINICA PNEUMOLOGICA;2025;9;6;130;0,046153846153846156
HJK;UNIDADE INTERNAÇÃO - CLINICA TISIOLÓGICA;2025;9;11;67;0,16417910447761194
HJK;UNIDADE URGENCIA/EMERGENCIA;2025;9;11;240;0,04583333333333333
HJK;UTI - ADULTO;2025;9;6;44;0,13636363636363635
HJK;UTI - NEONATAL;2025;9;0;5;0,0
HJK;ALOJAMENTO CONJUNTO;2025;10;0;225;0,0
HJK;PRÉ-PARTO;2025;10;0;26;0,0
HJK;UCI - UNIDADE DE CUIDADO INTERMEDIARIO NEONATAL CANGURU;2025;10;0;30;0,0
HJK;UCI - UNIDADE DE CUIDADO INTERMEDIARIO NEONATAL CONVENCIONAL;2025;10;3;9;0,3333333333333333
HJK;UNIDADE INTERNAÇÃO - CLINICA CIRURGICA;2025;10;1;189;0,005291005291005291
HJK;UNIDADE INTERNAÇÃO - CLINICA MÉDICA;2025;10;14;130;0,1076923076923077
HJK;UNIDADE INTERNAÇÃO - CLINICA PNEUMOLOGICA;2025;10;14;114;0,12280701754385964
HJK;UNIDADE INTERNAÇÃO - CLINICA TISIOLÓGICA;2025;10;7;75;0,09333333333333334
HJK;UNIDADE URGENCIA/EMERGENCIA;2025;10;4;242;0,01652892561983471
HJK;UTI - ADULTO;2025;10;7;50;0,14
HJK;UTI - NEONATAL;2025;10;0;1;0,0
HJK;ALOJAMENTO CONJUNTO;2025;11;0;225;0,0
HJK;PRÉ-PARTO;2025;11;1;27;0,037037037037037035
HJK;UCI - UNIDADE DE CUIDADO INTERMEDIARIO NEONATAL CANGURU;2025;11;0;21;0,0
HJK;UCI - UNIDADE DE CUIDADO INTERMEDIARIO NEONATAL CONVENCIONAL;2025;11;3;10;0,3
HJK;UNIDADE INTERNAÇÃO - CLINICA CIRURGICA;2025;11;1;152;0,006578947368421052
HJK;UNIDADE INTERNAÇÃO - CLINICA MÉDICA;2025;11;8;125;0,064
HJK;UNIDADE INTERNAÇÃO - CLINICA PNEUMOLOGICA;2025;11;6;111;0,05405405405405406
HJK;UNIDADE INTERNAÇÃO - CLINICA TISIOLÓGICA;2025;11;3;37;0,08108108108108109
HJK;UNIDADE URGENCIA/EMERGENCIA;2025;11;6;226;0,02654867256637168
HJK;UTI - ADULTO;2025;11;4;58;0,06896551724137931
HJK;UTI - NEONATAL;2025;11;0;3;0,0
HJK;ALOJAMENTO CONJUNTO;2025;12;0;244;0,0
HJK;PRÉ-PARTO;2025;12;0;34;0,0
HJK;UCI - UNIDADE DE CUIDADO INTERMEDIARIO NEONATAL CANGURU;2025;12;1;34;0,029411764705882353
HJK;UCI - UNIDADE DE CUIDADO INTERMEDIARIO NEONATAL CONVENCIONAL;2025;12;0;6;0,0
HJK;UNIDADE INTERNAÇÃO - CLINICA CIRURGICA;2025;12;5;168;0,02976190476190476
HJK;UNIDADE INTERNAÇÃO - CLINICA MÉDICA;2025;12;9;165;0,05454545454545454
HJK;UNIDADE INTERNAÇÃO - CLINICA PNEUMOLOGICA;2025;12;11;104;0,10576923076923077
HJK;UNIDADE INTERNAÇÃO - CLINICA TISIOLÓGICA;2025;12;7;69;0,10144927536231885
HJK;UNIDADE URGENCIA/EMERGENCIA;2025;12;1;238;0,004201680672268907
HJK;UTI - ADULTO;2025;12;0;56;0,0
HJK;UTI - NEONATAL;2025;12;0;4;0,0
HJK;ALOJAMENTO CONJUNTO;2026;1;0;228;0,0
HJK;PRÉ-PARTO;2026;1;0;24;0,0
HJK;UCI - UNIDADE DE CUIDADO INTERMEDIARIO NEONATAL CANGURU;2026;1;1;33;0,030303030303030304
HJK;UCI - UNIDADE DE CUIDADO INTERMEDIARIO NEONATAL CONVENCIONAL;2026;1;4;7;0,5714285714285714
HJK;UNIDADE INTERNAÇÃO - CLINICA CIRURGICA;2026;1;3;202;0,01485148514851485
HJK;UNIDADE INTERNAÇÃO - CLINICA MÉDICA;2026;1;5;112;0,044642857142857144
HJK;UNIDADE INTERNAÇÃO - CLINICA PNEUMOLOGICA;2026;1;10;112;0,08928571428571429
HJK;UNIDADE INTERNAÇÃO - CLINICA TISIOLÓGICA;2026;1;4;48;0,08333333333333333
HJK;UNIDADE URGENCIA/EMERGENCIA;2026;1;6;243;0,024691358024691357
HJK;UTI - ADULTO;2026;1;8;44;0,18181818181818182
HJK;UTI - NEONATAL;2026;1;0;3;0,0
HJK;ALOJAMENTO CONJUNTO;2026;2;2;240;0,008333333333333333
HJK;CLINICA CIRÚRGICA - ALA A;2026;2;3;49;0,061224489795918366
HJK;CLINICA MEDICA - ALA C;2026;2;1;33;0,030303030303030304
HJK;CLINICA MÉDICA - ALA E;2026;2;2;20;0,1
HJK;CLINICA MÉDICA - ALA G;2026;2;2;20;0,1
HJK;CLINICA PNEUMOLÓGICA - ALA D;2026;2;3;27;0,1111111111111111
HJK;CLINICA TISIOLÓGICA - ALA G;2026;2;3;5;0,6
HJK;PRÉ PARTO / PPP;2026;2;0;1;0,0
HJK;PRÉ-PARTO;2026;2;0;17;0,0
HJK;UCI - UNIDADE DE CUIDADO INTERMEDIARIO NEONATAL CANGURU;2026;2;0;16;0,0
HJK;UCI - UNIDADE DE CUIDADO INTERMEDIARIO NEONATAL CONVENCIONAL;2026;2;2;9;0,2222222222222222
HJK;UCINCA - UNIDADE DE CUIDADO INTERMEDIÁRIO NEONATAL CANGURU;2026;2;0;4;0,0
HJK;UCINCO - UNIDADE DE CUIDADO INTERMEDIÁRIO NEONATAL CONVENCIONAL;2026;2;0;3;0,0
HJK;UE - INTERNAÇÃO SALA DE EMERGÊNCIA;2026;2;0;7;0,0
HJK;UE - INTERNAÇÃO SALA DE MEDICAÇÃO;2026;2;0;5;0,0
HJK;UE - INTERNAÇÃO UDC-CRD;2026;2;0;15;0,0
HJK;UNIDADE INTERNAÇÃO - CLINICA CIRURGICA;2026;2;2;145;0,013793103448275862
HJK;UNIDADE INTERNAÇÃO - CLINICA MÉDICA;2026;2;9;89;0,10112359550561797
HJK;UNIDADE INTERNAÇÃO - CLINICA PNEUMOLOGICA;2026;2;7;86;0,08139534883720931
HJK;UNIDADE INTERNAÇÃO - CLINICA TISIOLÓGICA;2026;2;8;47;0,1702127659574468
HJK;UNIDADE URGENCIA/EMERGENCIA;2026;2;7;210;0,03333333333333333
HJK;UTI - ADULTO;2026;2;4;49;0,08163265306122448
HJK;UTI - NEONATAL;2026;2;0;1;0,0
HJK;ALOJAMENTO CONJUNTO;2026;3;0;257;0,0
HJK;CLINICA CIRÚRGICA - ALA A;2026;3;5;223;0,02242152466367713
HJK;CLINICA MEDICA - ALA C;2026;3;7;119;0,058823529411764705
HJK;CLINICA MÉDICA - ALA E;2026;3;9;88;0,10227272727272728
HJK;CLINICA MÉDICA - ALA G;2026;3;8;54;0,14814814814814814
HJK;CLINICA PNEUMOLÓGICA - ALA D;2026;3;7;116;0,0603448275862069
HJK;CLINICA TISIOLÓGICA - ALA G;2026;3;2;9;0,2222222222222222
HJK;PRÉ PARTO / PPP;2026;3;0;20;0,0
HJK;UCINCA - UNIDADE DE CUIDADO INTERMEDIÁRIO NEONATAL CANGURU;2026;3;0;23;0,0
HJK;UCINCO - UNIDADE DE CUIDADO INTERMEDIÁRIO NEONATAL CONVENCIONAL;2026;3;2;7;0,2857142857142857
HJK;UE - INTERNAÇÃO SALA DE EMERGÊNCIA;2026;3;0;24;0,0
HJK;UE - INTERNAÇÃO SALA DE MEDICAÇÃO;2026;3;0;28;0,0
HJK;UE - INTERNAÇÃO UDC-CRD;2026;3;0;99;0,0
HJK;UTI - ADULTO;2026;3;4;47;0,0851063829787234
HJK;UTI - NEONATAL;2026;3;0;6;0,0
HJK;ALOJAMENTO CONJUNTO;2026;4;0;233;0,0
HJK;CLINICA CIRÚRGICA - ALA A;2026;4;2;201;0,009950248756218905
HJK;CLINICA MEDICA - ALA C;2026;4;13;115;0,11304347826086956
HJK;CLINICA MÉDICA - ALA E;2026;4;8;77;0,1038961038961039
HJK;CLINICA MÉDICA - ALA G;2026;4;8;47;0,1702127659574468
HJK;CLINICA PNEUMOLÓGICA - ALA D;2026;4;8;112;0,07142857142857142
HJK;CLINICA TISIOLÓGICA - ALA G;2026;4;2;10;0,2
HJK;PRÉ PARTO / PPP;2026;4;0;15;0,0
HJK;UCINCA - UNIDADE DE CUIDADO INTERMEDIÁRIO NEONATAL CANGURU;2026;4;2;32;0,0625
HJK;UCINCO - UNIDADE DE CUIDADO INTERMEDIÁRIO NEONATAL CONVENCIONAL;2026;4;1;6;0,16666666666666666
HJK;UE - INTERNAÇÃO SALA DE EMERGÊNCIA;2026;4;1;18;0,05555555555555555
HJK;UE - INTERNAÇÃO SALA DE MEDICAÇÃO;2026;4;0;41;0,0
HJK;UE - INTERNAÇÃO UDC-CRD;2026;4;0;97;0,0
HJK;UTI - ADULTO;2026;4;6;49;0,12244897959183673
HJK;UTI - NEONATAL;2026;4;0;1;0,0
HJK;ALOJAMENTO CONJUNTO;2026;5;1;222;0,0045045045045045045
HJK;CLINICA CIRÚRGICA - ALA A;2026;5;4;239;0,016736401673640166
HJK;CLINICA MEDICA - ALA C;2026;5;14;133;0,10526315789473684
HJK;CLINICA MÉDICA - ALA E;2026;5;10;89;0,11235955056179775
HJK;CLINICA MÉDICA - ALA G;2026;5;8;35;0,22857142857142856
HJK;CLINICA PNEUMOLÓGICA - ALA D;2026;5;9;127;0,07086614173228346
HJK;CLINICA TISIOLÓGICA - ALA G;2026;5;1;14;0,07142857142857142
HJK;PRÉ PARTO / PPP;2026;5;1;26;0,038461538461538464
HJK;UCINCA - UNIDADE DE CUIDADO INTERMEDIÁRIO NEONATAL CANGURU;2026;5;0;27;0,0
HJK;UCINCO - UNIDADE DE CUIDADO INTERMEDIÁRIO NEONATAL CONVENCIONAL;2026;5;4;11;0,36363636363636365
HJK;UE - INTERNAÇÃO SALA DE EMERGÊNCIA;2026;5;0;26;0,0
HJK;UE - INTERNAÇÃO SALA DE MEDICAÇÃO;2026;5;0;37;0,0
HJK;UE - INTERNAÇÃO UDC-CRD;2026;5;2;95;0,021052631578947368
HJK;UTI - ADULTO;2026;5;7;48;0,14583333333333334
HJXXIII;BLOCO CIRURGICO;2023;1;0;30;0,0
HJXXIII;PRONTO SOCORRO;2023;1;1;430;0,002325581395348837
HJXXIII;UNIDADE INTERNAÇÃO - CIRURGIA GERAL 4º ANDAR;2023;1;6;176;0,03409090909090909
HJXXIII;UNIDADE INTERNAÇÃO - CIRURGIA PLÁSTICA 7º ANDAR;2023;1;7;120;0,058333333333333334
HJXXIII;UNIDADE INTERNAÇÃO - CLINICA CUIDADOS PROGRESSIVOS 3º ANDAR;2023;1;2;4;0,5
HJXXIII;UNIDADE INTERNAÇÃO - CLINICA MÉDICA 6º ANDAR;2023;1;8;54;0,14814814814814814
HJXXIII;UNIDADE INTERNAÇÃO - CLINICA NEUROLOGICA 5º ANDAR;2023;1;12;61;0,19672131147540983
HJXXIII;UNIDADE INTERNAÇÃO - QUEIMADOS GRAVES 9º ANDAR;2023;1;0;5;0,0
HJXXIII;UNIDADE INTERNAÇÃO - QUEIMADOS MÉDIOS - 8º ANDAR;2023;1;13;30;0,43333333333333335
HJXXIII;UTI;2023;1;3;23;0,13043478260869565
HJXXIII;UTI -  PEDIATRICO 2º ANDAR;2023;1;0;36;0,0
HJXXIII;BLOCO CIRURGICO;2023;2;0;34;0,0
HJXXIII;PRONTO SOCORRO;2023;2;0;452;0,0
HJXXIII;UNIDADE INTERNAÇÃO - CIRURGIA GERAL 4º ANDAR;2023;2;3;123;0,024390243902439025
HJXXIII;UNIDADE INTERNAÇÃO - CIRURGIA PLÁSTICA 7º ANDAR;2023;2;9;101;0,0891089108910891
HJXXIII;UNIDADE INTERNAÇÃO - CLINICA CUIDADOS PROGRESSIVOS 3º ANDAR;2023;2;5;7;0,7142857142857143
HJXXIII;UNIDADE INTERNAÇÃO - CLINICA MÉDICA 6º ANDAR;2023;2;8;46;0,17391304347826086
HJXXIII;UNIDADE INTERNAÇÃO - CLINICA NEUROLOGICA 5º ANDAR;2023;2;10;74;0,13513513513513514
HJXXIII;UNIDADE INTERNAÇÃO - QUEIMADOS GRAVES 9º ANDAR;2023;2;2;4;0,5
HJXXIII;UNIDADE INTERNAÇÃO - QUEIMADOS MÉDIOS - 8º ANDAR;2023;2;6;22;0,2727272727272727
HJXXIII;UTI;2023;2;0;28;0,0
HJXXIII;UTI -  PEDIATRICO 2º ANDAR;2023;2;0;44;0,0
HJXXIII;BLOCO CIRURGICO;2023;3;0;49;0,0
HJXXIII;PRONTO SOCORRO;2023;3;2;523;0,0038240917782026767
HJXXIII;UNIDADE INTERNAÇÃO - CIRURGIA GERAL 4º ANDAR;2023;3;7;150;0,04666666666666667
HJXXIII;UNIDADE INTERNAÇÃO - CIRURGIA PLÁSTICA 7º ANDAR;2023;3;13;109;0,11926605504587157
HJXXIII;UNIDADE INTERNAÇÃO - CLINICA CUIDADOS PROGRESSIVOS 3º ANDAR;2023;3;3;7;0,42857142857142855
HJXXIII;UNIDADE INTERNAÇÃO - CLINICA MÉDICA 6º ANDAR;2023;3;13;44;0,29545454545454547
HJXXIII;UNIDADE INTERNAÇÃO - CLINICA NEUROLOGICA 5º ANDAR;2023;3;13;54;0,24074074074074073
HJXXIII;UNIDADE INTERNAÇÃO - QUEIMADOS GRAVES 9º ANDAR;2023;3;2;5;0,4
HJXXIII;UNIDADE INTERNAÇÃO - QUEIMADOS MÉDIOS - 8º ANDAR;2023;3;7;29;0,2413793103448276
HJXXIII;UTI;2023;3;2;34;0,058823529411764705
HJXXIII;UTI -  PEDIATRICO 2º ANDAR;2023;3;1;45;0,022222222222222223
HJXXIII;BLOCO CIRURGICO;2023;4;1;34;0,029411764705882353
HJXXIII;PRONTO SOCORRO;2023;4;1;453;0,002207505518763797
HJXXIII;UNIDADE INTERNAÇÃO - CIRURGIA GERAL 4º ANDAR;2023;4;4;137;0,029197080291970802
HJXXIII;UNIDADE INTERNAÇÃO - CIRURGIA PLÁSTICA 7º ANDAR;2023;4;10;113;0,08849557522123894
HJXXIII;UNIDADE INTERNAÇÃO - CLINICA CUIDADOS PROGRESSIVOS 3º ANDAR;2023;4;9;12;0,75
HJXXIII;UNIDADE INTERNAÇÃO - CLINICA MÉDICA 6º ANDAR;2023;4;12;46;0,2608695652173913
HJXXIII;UNIDADE INTERNAÇÃO - CLINICA NEUROLOGICA 5º ANDAR;2023;4;14;50;0,28
HJXXIII;UNIDADE INTERNAÇÃO - QUEIMADOS GRAVES 9º ANDAR;2023;4;0;1;0,0
HJXXIII;UNIDADE INTERNAÇÃO - QUEIMADOS MÉDIOS - 8º ANDAR;2023;4;6;28;0,21428571428571427
HJXXIII;UTI;2023;4;0;29;0,0
HJXXIII;UTI -  PEDIATRICO 2º ANDAR;2023;4;0;53;0,0
HJXXIII;BLOCO CIRURGICO;2023;5;0;47;0,0
HJXXIII;PRONTO SOCORRO;2023;5;3;554;0,005415162454873646
HJXXIII;UNIDADE INTERNAÇÃO - CIRURGIA GERAL 4º ANDAR;2023;5;12;170;0,07058823529411765
HJXXIII;UNIDADE INTERNAÇÃO - CIRURGIA PLÁSTICA 7º ANDAR;2023;5;4;115;0,034782608695652174
HJXXIII;UNIDADE INTERNAÇÃO - CLINICA CUIDADOS PROGRESSIVOS 3º ANDAR;2023;5;4;14;0,2857142857142857
HJXXIII;UNIDADE INTERNAÇÃO - CLINICA MÉDICA 6º ANDAR;2023;5;13;40;0,325
HJXXIII;UNIDADE INTERNAÇÃO - CLINICA NEUROLOGICA 5º ANDAR;2023;5;15;46;0,32608695652173914
HJXXIII;UNIDADE INTERNAÇÃO - QUEIMADOS GRAVES 9º ANDAR;2023;5;0;2;0,0
HJXXIII;UNIDADE INTERNAÇÃO - QUEIMADOS MÉDIOS - 8º ANDAR;2023;5;8;22;0,36363636363636365
HJXXIII;UTI;2023;5;4;27;0,14814814814814814
HJXXIII;UTI -  PEDIATRICO 2º ANDAR;2023;5;0;63;0,0
HJXXIII;BLOCO CIRURGICO;2023;6;0;43;0,0
HJXXIII;PRONTO SOCORRO;2023;6;1;493;0,002028397565922921
HJXXIII;UNIDADE INTERNAÇÃO - CIRURGIA GERAL 4º ANDAR;2023;6;7;140;0,05
HJXXIII;UNIDADE INTERNAÇÃO - CIRURGIA PLÁSTICA 7º ANDAR;2023;6;11;87;0,12643678160919541
HJXXIII;UNIDADE INTERNAÇÃO - CLINICA CUIDADOS PROGRESSIVOS 3º ANDAR;2023;6;3;6;0,5
HJXXIII;UNIDADE INTERNAÇÃO - CLINICA MÉDICA 6º ANDAR;2023;6;10;30;0,3333333333333333
HJXXIII;UNIDADE INTERNAÇÃO - CLINICA NEUROLOGICA 5º ANDAR;2023;6;12;43;0,27906976744186046
HJXXIII;UNIDADE INTERNAÇÃO - QUEIMADOS GRAVES 9º ANDAR;2023;6;1;2;0,5
HJXXIII;UNIDADE INTERNAÇÃO - QUEIMADOS MÉDIOS - 8º ANDAR;2023;6;12;28;0,42857142857142855
HJXXIII;UTI;2023;6;5;27;0,18518518518518517
HJXXIII;UTI -  PEDIATRICO 2º ANDAR;2023;6;0;39;0,0
HJXXIII;BLOCO CIRURGICO;2023;7;0;54;0,0
HJXXIII;PRONTO SOCORRO;2023;7;2;513;0,003898635477582846
HJXXIII;UNIDADE INTERNAÇÃO - CIRURGIA GERAL 4º ANDAR;2023;7;10;150;0,06666666666666667
HJXXIII;UNIDADE INTERNAÇÃO - CIRURGIA PLÁSTICA 7º ANDAR;2023;7;9;101;0,0891089108910891
HJXXIII;UNIDADE INTERNAÇÃO - CLINICA CUIDADOS PROGRESSIVOS 3º ANDAR;2023;7;2;5;0,4
HJXXIII;UNIDADE INTERNAÇÃO - CLINICA MÉDICA 6º ANDAR;2023;7;15;36;0,4166666666666667
HJXXIII;UNIDADE INTERNAÇÃO - CLINICA NEUROLOGICA 5º ANDAR;2023;7;18;46;0,391304347826087
HJXXIII;UNIDADE INTERNAÇÃO - QUEIMADOS GRAVES 9º ANDAR;2023;7;0;1;0,0
HJXXIII;UNIDADE INTERNAÇÃO - QUEIMADOS MÉDIOS - 8º ANDAR;2023;7;11;24;0,4583333333333333
HJXXIII;UTI;2023;7;1;34;0,029411764705882353
HJXXIII;UTI -  PEDIATRICO 2º ANDAR;2023;7;2;25;0,08
HJXXIII;BLOCO CIRURGICO;2023;8;0;72;0,0
HJXXIII;PRONTO SOCORRO;2023;8;1;546;0,0018315018315018315
HJXXIII;UNIDADE INTERNAÇÃO - CIRURGIA GERAL 4º ANDAR;2023;8;4;103;0,038834951456310676
HJXXIII;UNIDADE INTERNAÇÃO - CIRURGIA PLÁSTICA 7º ANDAR;2023;8;10;99;0,10101010101010101
HJXXIII;UNIDADE INTERNAÇÃO - CLINICA CUIDADOS PROGRESSIVOS 3º ANDAR;2023;8;2;2;1,0
HJXXIII;UNIDADE INTERNAÇÃO - CLINICA MÉDICA 6º ANDAR;2023;8;14;39;0,358974358974359
HJXXIII;UNIDADE INTERNAÇÃO - CLINICA NEUROLOGICA 5º ANDAR;2023;8;16;47;0,3404255319148936
HJXXIII;UNIDADE INTERNAÇÃO - QUEIMADOS GRAVES 9º ANDAR;2023;8;1;3;0,3333333333333333
HJXXIII;UNIDADE INTERNAÇÃO - QUEIMADOS MÉDIOS - 8º ANDAR;2023;8;10;29;0,3448275862068966
HJXXIII;UTI;2023;8;2;13;0,15384615384615385
HJXXIII;UTI -  PEDIATRICO 2º ANDAR;2023;8;2;25;0,08
HJXXIII;BLOCO CIRURGICO;2023;9;0;64;0,0
HJXXIII;PRONTO SOCORRO;2023;9;3;537;0,00558659217877095
HJXXIII;UNIDADE INTERNAÇÃO - CIRURGIA GERAL 4º ANDAR;2023;9;12;143;0,08391608391608392
HJXXIII;UNIDADE INTERNAÇÃO - CIRURGIA PLÁSTICA 7º ANDAR;2023;9;15;75;0,2
HJXXIII;UNIDADE INTERNAÇÃO - CLINICA CUIDADOS PROGRESSIVOS 3º ANDAR;2023;9;4;6;0,6666666666666666
HJXXIII;UNIDADE INTERNAÇÃO - CLINICA MÉDICA 6º ANDAR;2023;9;9;23;0,391304347826087
HJXXIII;UNIDADE INTERNAÇÃO - CLINICA NEUROLOGICA 5º ANDAR;2023;9;15;49;0,30612244897959184
HJXXIII;UNIDADE INTERNAÇÃO - QUEIMADOS GRAVES 9º ANDAR;2023;9;1;3;0,3333333333333333
HJXXIII;UNIDADE INTERNAÇÃO - QUEIMADOS MÉDIOS - 8º ANDAR;2023;9;5;27;0,18518518518518517
HJXXIII;UTI;2023;9;3;31;0,0967741935483871
HJXXIII;UTI -  PEDIATRICO 2º ANDAR;2023;9;1;27;0,037037037037037035
HJXXIII;BLOCO CIRURGICO;2023;10;0;58;0,0
HJXXIII;PRONTO SOCORRO;2023;10;6;592;0,010135135135135136
HJXXIII;UNIDADE INTERNAÇÃO - CIRURGIA GERAL 4º ANDAR;2023;10;11;136;0,08088235294117647
HJXXIII;UNIDADE INTERNAÇÃO - CIRURGIA PLÁSTICA 7º ANDAR;2023;10;14;98;0,14285714285714285
HJXXIII;UNIDADE INTERNAÇÃO - CLINICA CUIDADOS PROGRESSIVOS 3º ANDAR;2023;10;1;3;0,3333333333333333
HJXXIII;UNIDADE INTERNAÇÃO - CLINICA MÉDICA 6º ANDAR;2023;10;16;37;0,43243243243243246
HJXXIII;UNIDADE INTERNAÇÃO - CLINICA NEUROLOGICA 5º ANDAR;2023;10;19;55;0,34545454545454546
HJXXIII;UNIDADE INTERNAÇÃO - QUEIMADOS GRAVES 9º ANDAR;2023;10;1;3;0,3333333333333333
HJXXIII;UNIDADE INTERNAÇÃO - QUEIMADOS MÉDIOS - 8º ANDAR;2023;10;14;36;0,3888888888888889
HJXXIII;UTI;2023;10;6;36;0,16666666666666666
HJXXIII;UTI -  PEDIATRICO 2º ANDAR;2023;10;0;27;0,0
HJXXIII;BLOCO CIRURGICO;2023;11;0;64;0,0
HJXXIII;PRONTO SOCORRO;2023;11;3;565;0,005309734513274336
HJXXIII;UNIDADE INTERNAÇÃO - CIRURGIA GERAL 4º ANDAR;2023;11;4;134;0,029850746268656716
HJXXIII;UNIDADE INTERNAÇÃO - CIRURGIA PLÁSTICA 7º ANDAR;2023;11;11;83;0,13253012048192772
HJXXIII;UNIDADE INTERNAÇÃO - CLINICA CUIDADOS PROGRESSIVOS 3º ANDAR;2023;11;1;5;0,2
HJXXIII;UNIDADE INTERNAÇÃO - CLINICA MÉDICA 6º ANDAR;2023;11;12;34;0,35294117647058826
HJXXIII;UNIDADE INTERNAÇÃO - CLINICA NEUROLOGICA 5º ANDAR;2023;11;16;59;0,2711864406779661
HJXXIII;UNIDADE INTERNAÇÃO - QUEIMADOS GRAVES 9º ANDAR;2023;11;0;6;0,0
HJXXIII;UNIDADE INTERNAÇÃO - QUEIMADOS MÉDIOS - 8º ANDAR;2023;11;5;23;0,21739130434782608
HJXXIII;UTI;2023;11;3;22;0,13636363636363635
HJXXIII;UTI -  PEDIATRICO 2º ANDAR;2023;11;1;18;0,05555555555555555
HJXXIII;BLOCO CIRURGICO;2023;12;0;69;0,0
HJXXIII;PRONTO SOCORRO;2023;12;2;564;0,0035460992907801418
HJXXIII;UNIDADE INTERNAÇÃO - CIRURGIA GERAL 4º ANDAR;2023;12;11;118;0,09322033898305085
HJXXIII;UNIDADE INTERNAÇÃO - CIRURGIA PLÁSTICA 7º ANDAR;2023;12;8;98;0,08163265306122448
HJXXIII;UNIDADE INTERNAÇÃO - CLINICA CUIDADOS PROGRESSIVOS 3º ANDAR;2023;12;6;8;0,75
HJXXIII;UNIDADE INTERNAÇÃO - CLINICA MÉDICA 6º ANDAR;2023;12;9;33;0,2727272727272727
HJXXIII;UNIDADE INTERNAÇÃO - CLINICA NEUROLOGICA 5º ANDAR;2023;12;17;68;0,25
HJXXIII;UNIDADE INTERNAÇÃO - QUEIMADOS GRAVES 9º ANDAR;2023;12;0;2;0,0
HJXXIII;UNIDADE INTERNAÇÃO - QUEIMADOS MÉDIOS - 8º ANDAR;2023;12;10;24;0,4166666666666667
HJXXIII;UTI;2023;12;2;27;0,07407407407407407
HJXXIII;UTI -  PEDIATRICO 2º ANDAR;2023;12;2;25;0,08
HJXXIII;BLOCO CIRURGICO;2024;1;0;54;0,0
HJXXIII;PRONTO SOCORRO;2024;1;2;491;0,004073319755600814
HJXXIII;UNIDADE INTERNAÇÃO - CIRURGIA GERAL 4º ANDAR;2024;1;12;117;0,10256410256410256
HJXXIII;UNIDADE INTERNAÇÃO - CIRURGIA PLÁSTICA 7º ANDAR;2024;1;15;89;0,16853932584269662
HJXXIII;UNIDADE INTERNAÇÃO - CLINICA CUIDADOS PROGRESSIVOS 3º ANDAR;2024;1;2;6;0,3333333333333333
HJXXIII;UNIDADE INTERNAÇÃO - CLINICA MÉDICA 6º ANDAR;2024;1;14;46;0,30434782608695654
HJXXIII;UNIDADE INTERNAÇÃO - CLINICA NEUROLOGICA 5º ANDAR;2024;1;14;46;0,30434782608695654
HJXXIII;UNIDADE INTERNAÇÃO - QUEIMADOS GRAVES 9º ANDAR;2024;1;2;4;0,5
HJXXIII;UNIDADE INTERNAÇÃO - QUEIMADOS MÉDIOS - 8º ANDAR;2024;1;8;26;0,3076923076923077
HJXXIII;UTI;2024;1;0;24;0,0
HJXXIII;UTI -  PEDIATRICO 2º ANDAR;2024;1;0;16;0,0
HJXXIII;BLOCO CIRURGICO;2024;2;0;47;0,0
HJXXIII;PRONTO SOCORRO;2024;2;7;484;0,014462809917355372
HJXXIII;UNIDADE INTERNAÇÃO - CIRURGIA GERAL 4º ANDAR;2024;2;9;103;0,08737864077669903
HJXXIII;UNIDADE INTERNAÇÃO - CIRURGIA PLÁSTICA 7º ANDAR;2024;2;9;101;0,0891089108910891
HJXXIII;UNIDADE INTERNAÇÃO - CLINICA CUIDADOS PROGRESSIVOS 3º ANDAR;2024;2;6;12;0,5
HJXXIII;UNIDADE INTERNAÇÃO - CLINICA MÉDICA 6º ANDAR;2024;2;11;47;0,23404255319148937
HJXXIII;UNIDADE INTERNAÇÃO - CLINICA NEUROLOGICA 5º ANDAR;2024;2;20;47;0,425531914893617
HJXXIII;UNIDADE INTERNAÇÃO - QUEIMADOS GRAVES 9º ANDAR;2024;2;0;1;0,0
HJXXIII;UNIDADE INTERNAÇÃO - QUEIMADOS MÉDIOS - 8º ANDAR;2024;2;9;30;0,3
HJXXIII;UTI;2024;2;4;21;0,19047619047619047
HJXXIII;UTI -  PEDIATRICO 2º ANDAR;2024;2;0;18;0,0
HJXXIII;BLOCO CIRURGICO;2024;3;0;57;0,0
HJXXIII;PRONTO SOCORRO;2024;3;2;615;0,0032520325203252032
HJXXIII;UNIDADE INTERNAÇÃO - CIRURGIA GERAL 4º ANDAR;2024;3;8;121;0,06611570247933884
HJXXIII;UNIDADE INTERNAÇÃO - CIRURGIA PLÁSTICA 7º ANDAR;2024;3;7;100;0,07
HJXXIII;UNIDADE INTERNAÇÃO - CLINICA CUIDADOS PROGRESSIVOS 3º ANDAR;2024;3;6;16;0,375
HJXXIII;UNIDADE INTERNAÇÃO - CLINICA MÉDICA 6º ANDAR;2024;3;10;49;0,20408163265306123
HJXXIII;UNIDADE INTERNAÇÃO - CLINICA NEUROLOGICA 5º ANDAR;2024;3;12;63;0,19047619047619047
HJXXIII;UNIDADE INTERNAÇÃO - QUEIMADOS GRAVES 9º ANDAR;2024;3;3;3;1,0
HJXXIII;UNIDADE INTERNAÇÃO - QUEIMADOS MÉDIOS - 8º ANDAR;2024;3;8;27;0,2962962962962963
HJXXIII;UTI;2024;3;2;29;0,06896551724137931
HJXXIII;UTI -  PEDIATRICO 2º ANDAR;2024;3;0;28;0,0
HJXXIII;BLOCO CIRURGICO;2024;4;0;43;0,0
HJXXIII;PRONTO SOCORRO;2024;4;9;528;0,017045454545454544
HJXXIII;UNIDADE INTERNAÇÃO - CIRURGIA GERAL 4º ANDAR;2024;4;8;145;0,05517241379310345
HJXXIII;UNIDADE INTERNAÇÃO - CIRURGIA PLÁSTICA 7º ANDAR;2024;4;14;109;0,12844036697247707
HJXXIII;UNIDADE INTERNAÇÃO - CLINICA CUIDADOS PROGRESSIVOS 3º ANDAR;2024;4;4;16;0,25
HJXXIII;UNIDADE INTERNAÇÃO - CLINICA MÉDICA 6º ANDAR;2024;4;12;54;0,2222222222222222
HJXXIII;UNIDADE INTERNAÇÃO - CLINICA NEUROLOGICA 5º ANDAR;2024;4;15;77;0,19480519480519481
HJXXIII;UNIDADE INTERNAÇÃO - QUEIMADOS GRAVES 9º ANDAR;2024;4;2;6;0,3333333333333333
HJXXIII;UNIDADE INTERNAÇÃO - QUEIMADOS MÉDIOS - 8º ANDAR;2024;4;3;22;0,13636363636363635
HJXXIII;UTI;2024;4;2;21;0,09523809523809523
HJXXIII;UTI -  PEDIATRICO 2º ANDAR;2024;4;0;51;0,0
HJXXIII;BLOCO CIRURGICO;2024;5;0;61;0,0
HJXXIII;PRONTO SOCORRO;2024;5;1;515;0,001941747572815534
HJXXIII;UNIDADE INTERNAÇÃO - CIRURGIA GERAL 4º ANDAR;2024;5;7;142;0,04929577464788732
HJXXIII;UNIDADE INTERNAÇÃO - CIRURGIA PLÁSTICA 7º ANDAR;2024;5;5;140;0,03571428571428571
HJXXIII;UNIDADE INTERNAÇÃO - CLINICA CUIDADOS PROGRESSIVOS 3º ANDAR;2024;5;1;10;0,1
HJXXIII;UNIDADE INTERNAÇÃO - CLINICA MÉDICA 6º ANDAR;2024;5;10;48;0,20833333333333334
HJXXIII;UNIDADE INTERNAÇÃO - CLINICA NEUROLOGICA 5º ANDAR;2024;5;15;81;0,18518518518518517
HJXXIII;UNIDADE INTERNAÇÃO - QUEIMADOS GRAVES 9º ANDAR;2024;5;2;2;1,0
HJXXIII;UNIDADE INTERNAÇÃO - QUEIMADOS MÉDIOS - 8º ANDAR;2024;5;6;33;0,18181818181818182
HJXXIII;UTI;2024;5;6;38;0,15789473684210525
HJXXIII;UTI -  PEDIATRICO 2º ANDAR;2024;5;1;45;0,022222222222222223
HJXXIII;BLOCO CIRURGICO;2024;6;0;49;0,0
HJXXIII;PRONTO SOCORRO;2024;6;2;507;0,0039447731755424065
HJXXIII;UNIDADE INTERNAÇÃO - CIRURGIA GERAL 4º ANDAR;2024;6;7;153;0,0457516339869281
HJXXIII;UNIDADE INTERNAÇÃO - CIRURGIA PLÁSTICA 7º ANDAR;2024;6;2;97;0,020618556701030927
HJXXIII;UNIDADE INTERNAÇÃO - CLINICA CUIDADOS PROGRESSIVOS 3º ANDAR;2024;6;4;12;0,3333333333333333
HJXXIII;UNIDADE INTERNAÇÃO - CLINICA MÉDICA 6º ANDAR;2024;6;13;40;0,325
HJXXIII;UNIDADE INTERNAÇÃO - CLINICA NEUROLOGICA 5º ANDAR;2024;6;10;64;0,15625
HJXXIII;UNIDADE INTERNAÇÃO - QUEIMADOS GRAVES 9º ANDAR;2024;6;0;1;0,0
HJXXIII;UNIDADE INTERNAÇÃO - QUEIMADOS MÉDIOS - 8º ANDAR;2024;6;7;28;0,25
HJXXIII;UTI;2024;6;4;16;0,25
HJXXIII;UTI -  PEDIATRICO 2º ANDAR;2024;6;0;25;0,0
HJXXIII;BLOCO CIRURGICO;2024;7;0;59;0,0
HJXXIII;PRONTO SOCORRO;2024;7;2;602;0,0033222591362126247
HJXXIII;UNIDADE INTERNAÇÃO - CIRURGIA GERAL 4º ANDAR;2024;7;6;119;0,05042016806722689
HJXXIII;UNIDADE INTERNAÇÃO - CIRURGIA PLÁSTICA 7º ANDAR;2024;7;13;102;0,12745098039215685
HJXXIII;UNIDADE INTERNAÇÃO - CLINICA CUIDADOS PROGRESSIVOS 3º ANDAR;2024;7;1;4;0,25
HJXXIII;UNIDADE INTERNAÇÃO - CLINICA MÉDICA 6º ANDAR;2024;7;11;29;0,3793103448275862
HJXXIII;UNIDADE INTERNAÇÃO - CLINICA NEUROLOGICA 5º ANDAR;2024;7;10;53;0,18867924528301888
HJXXIII;UNIDADE INTERNAÇÃO - QUEIMADOS MÉDIOS - 8º ANDAR;2024;7;6;31;0,1935483870967742
HJXXIII;UTI;2024;7;1;36;0,027777777777777776
HJXXIII;UTI -  PEDIATRICO 2º ANDAR;2024;7;3;37;0,08108108108108109
HJXXIII;BLOCO CIRURGICO;2024;8;0;54;0,0
HJXXIII;PRONTO SOCORRO;2024;8;0;541;0,0
HJXXIII;UNIDADE INTERNAÇÃO - CIRURGIA GERAL 4º ANDAR;2024;8;4;131;0,030534351145038167
HJXXIII;UNIDADE INTERNAÇÃO - CIRURGIA PLÁSTICA 7º ANDAR;2024;8;14;73;0,1917808219178082
HJXXIII;UNIDADE INTERNAÇÃO - CLINICA CUIDADOS PROGRESSIVOS 3º ANDAR;2024;8;4;12;0,3333333333333333
HJXXIII;UNIDADE INTERNAÇÃO - CLINICA MÉDICA 6º ANDAR;2024;8;15;39;0,38461538461538464
HJXXIII;UNIDADE INTERNAÇÃO - CLINICA NEUROLOGICA 5º ANDAR;2024;8;17;74;0,22972972972972974
HJXXIII;UNIDADE INTERNAÇÃO - QUEIMADOS GRAVES 9º ANDAR;2024;8;0;2;0,0
HJXXIII;UNIDADE INTERNAÇÃO - QUEIMADOS MÉDIOS - 8º ANDAR;2024;8;3;18;0,16666666666666666
HJXXIII;UTI;2024;8;1;20;0,05
HJXXIII;UTI -  PEDIATRICO 2º ANDAR;2024;8;1;24;0,041666666666666664
HJXXIII;BLOCO CIRURGICO;2024;9;0;57;0,0
HJXXIII;PRONTO SOCORRO;2024;9;3;525;0,005714285714285714
HJXXIII;UNIDADE INTERNAÇÃO - CIRURGIA GERAL 4º ANDAR;2024;9;7;120;0,058333333333333334
HJXXIII;UNIDADE INTERNAÇÃO - CIRURGIA PLÁSTICA 7º ANDAR;2024;9;13;102;0,12745098039215685
HJXXIII;UNIDADE INTERNAÇÃO - CLINICA CUIDADOS PROGRESSIVOS 3º ANDAR;2024;9;6;10;0,6
HJXXIII;UNIDADE INTERNAÇÃO - CLINICA MÉDICA 6º ANDAR;2024;9;14;42;0,3333333333333333
HJXXIII;UNIDADE INTERNAÇÃO - CLINICA NEUROLOGICA 5º ANDAR;2024;9;12;51;0,23529411764705882
HJXXIII;UNIDADE INTERNAÇÃO - QUEIMADOS GRAVES 9º ANDAR;2024;9;0;1;0,0
HJXXIII;UNIDADE INTERNAÇÃO - QUEIMADOS MÉDIOS - 8º ANDAR;2024;9;10;31;0,3225806451612903
HJXXIII;UTI;2024;9;2;23;0,08695652173913043
HJXXIII;UTI -  PEDIATRICO 2º ANDAR;2024;9;2;14;0,14285714285714285
HJXXIII;BLOCO CIRURGICO;2024;10;0;48;0,0
HJXXIII;PRONTO SOCORRO;2024;10;6;574;0,010452961672473868
HJXXIII;UNIDADE INTERNAÇÃO - CIRURGIA GERAL 4º ANDAR;2024;10;10;125;0,08
HJXXIII;UNIDADE INTERNAÇÃO - CIRURGIA PLÁSTICA 7º ANDAR;2024;10;5;87;0,05747126436781609
HJXXIII;UNIDADE INTERNAÇÃO - CLINICA CUIDADOS PROGRESSIVOS 3º ANDAR;2024;10;6;7;0,8571428571428571
HJXXIII;UNIDADE INTERNAÇÃO - CLINICA MÉDICA 6º ANDAR;2024;10;12;45;0,26666666666666666
HJXXIII;UNIDADE INTERNAÇÃO - CLINICA NEUROLOGICA 5º ANDAR;2024;10;14;68;0,20588235294117646
HJXXIII;UNIDADE INTERNAÇÃO - QUEIMADOS MÉDIOS - 8º ANDAR;2024;10;10;27;0,37037037037037035
HJXXIII;UTI;2024;10;3;17;0,17647058823529413
HJXXIII;UTI -  PEDIATRICO 2º ANDAR;2024;10;0;11;0,0
HJXXIII;BLOCO CIRURGICO;2024;11;0;28;0,0
HJXXIII;PRONTO SOCORRO;2024;11;2;525;0,0038095238095238095
HJXXIII;UNIDADE INTERNAÇÃO - CIRURGIA GERAL 4º ANDAR;2024;11;11;123;0,08943089430894309
HJXXIII;UNIDADE INTERNAÇÃO - CIRURGIA PLÁSTICA 7º ANDAR;2024;11;10;82;0,12195121951219512
HJXXIII;UNIDADE INTERNAÇÃO - CLINICA CUIDADOS PROGRESSIVOS 3º ANDAR;2024;11;5;9;0,5555555555555556
HJXXIII;UNIDADE INTERNAÇÃO - CLINICA MÉDICA 6º ANDAR;2024;11;11;40;0,275
HJXXIII;UNIDADE INTERNAÇÃO - CLINICA NEUROLOGICA 5º ANDAR;2024;11;15;68;0,22058823529411764
HJXXIII;UNIDADE INTERNAÇÃO - QUEIMADOS GRAVES 9º ANDAR;2024;11;1;2;0,5
HJXXIII;UNIDADE INTERNAÇÃO - QUEIMADOS MÉDIOS - 8º ANDAR;2024;11;10;27;0,37037037037037035
HJXXIII;UTI;2024;11;3;29;0,10344827586206896
HJXXIII;UTI -  PEDIATRICO 2º ANDAR;2024;11;0;19;0,0
HJXXIII;BLOCO CIRURGICO;2024;12;0;33;0,0
HJXXIII;PRONTO SOCORRO;2024;12;2;604;0,0033112582781456954
HJXXIII;UNIDADE INTERNAÇÃO - CIRURGIA GERAL 4º ANDAR;2024;12;6;133;0,045112781954887216
HJXXIII;UNIDADE INTERNAÇÃO - CIRURGIA PLÁSTICA 7º ANDAR;2024;12;11;86;0,12790697674418605
HJXXIII;UNIDADE INTERNAÇÃO - CLINICA CUIDADOS PROGRESSIVOS 3º ANDAR;2024;12;3;8;0,375
HJXXIII;UNIDADE INTERNAÇÃO - CLINICA MÉDICA 6º ANDAR;2024;12;11;41;0,2682926829268293
HJXXIII;UNIDADE INTERNAÇÃO - CLINICA NEUROLOGICA 5º ANDAR;2024;12;10;59;0,1694915254237288
HJXXIII;UNIDADE INTERNAÇÃO - QUEIMADOS GRAVES 9º ANDAR;2024;12;1;2;0,5
HJXXIII;UNIDADE INTERNAÇÃO - QUEIMADOS MÉDIOS - 8º ANDAR;2024;12;12;23;0,5217391304347826
HJXXIII;UTI;2024;12;1;32;0,03125
HJXXIII;UTI -  PEDIATRICO 2º ANDAR;2024;12;1;22;0,045454545454545456
HJXXIII;BLOCO CIRURGICO;2025;1;0;52;0,0
HJXXIII;PRONTO SOCORRO;2025;1;3;700;0,004285714285714286
HJXXIII;UNIDADE INTERNAÇÃO - CIRURGIA GERAL 4º ANDAR;2025;1;4;109;0,03669724770642202
HJXXIII;UNIDADE INTERNAÇÃO - CIRURGIA PLÁSTICA 7º ANDAR;2025;1;9;86;0,10465116279069768
HJXXIII;UNIDADE INTERNAÇÃO - CLINICA CUIDADOS PROGRESSIVOS 3º ANDAR;2025;1;9;22;0,4090909090909091
HJXXIII;UNIDADE INTERNAÇÃO - CLINICA MÉDICA 6º ANDAR;2025;1;17;39;0,4358974358974359
HJXXIII;UNIDADE INTERNAÇÃO - CLINICA NEUROLOGICA 5º ANDAR;2025;1;17;58;0,29310344827586204
HJXXIII;UNIDADE INTERNAÇÃO - QUEIMADOS GRAVES 9º ANDAR;2025;1;1;1;1,0
HJXXIII;UNIDADE INTERNAÇÃO - QUEIMADOS MÉDIOS - 8º ANDAR;2025;1;7;37;0,1891891891891892
HJXXIII;UTI;2025;1;1;35;0,02857142857142857
HJXXIII;UTI -  PEDIATRICO 2º ANDAR;2025;1;0;18;0,0
HJXXIII;BLOCO CIRURGICO;2025;2;0;29;0,0
HJXXIII;PRONTO SOCORRO;2025;2;1;588;0,0017006802721088435
HJXXIII;UNIDADE INTERNAÇÃO - CIRURGIA GERAL 4º ANDAR;2025;2;7;114;0,06140350877192982
HJXXIII;UNIDADE INTERNAÇÃO - CIRURGIA PLÁSTICA 7º ANDAR;2025;2;5;81;0,06172839506172839
HJXXIII;UNIDADE INTERNAÇÃO - CLINICA CUIDADOS PROGRESSIVOS 3º ANDAR;2025;2;3;8;0,375
HJXXIII;UNIDADE INTERNAÇÃO - CLINICA MÉDICA 6º ANDAR;2025;2;12;39;0,3076923076923077
HJXXIII;UNIDADE INTERNAÇÃO - CLINICA NEUROLOGICA 5º ANDAR;2025;2;10;56;0,17857142857142858
HJXXIII;UNIDADE INTERNAÇÃO - QUEIMADOS GRAVES 9º ANDAR;2025;2;1;1;1,0
HJXXIII;UNIDADE INTERNAÇÃO - QUEIMADOS MÉDIOS - 8º ANDAR;2025;2;8;25;0,32
HJXXIII;UTI;2025;2;2;36;0,05555555555555555
HJXXIII;UTI -  PEDIATRICO 2º ANDAR;2025;2;2;17;0,11764705882352941
HJXXIII;BLOCO CIRURGICO;2025;3;0;33;0,0
HJXXIII;PRONTO SOCORRO;2025;3;4;633;0,00631911532385466
HJXXIII;UNIDADE INTERNAÇÃO - CIRURGIA GERAL 4º ANDAR;2025;3;7;126;0,05555555555555555
HJXXIII;UNIDADE INTERNAÇÃO - CIRURGIA PLÁSTICA 7º ANDAR;2025;3;12;80;0,15
HJXXIII;UNIDADE INTERNAÇÃO - CLINICA CUIDADOS PROGRESSIVOS 3º ANDAR;2025;3;5;22;0,22727272727272727
HJXXIII;UNIDADE INTERNAÇÃO - CLINICA MÉDICA 6º ANDAR;2025;3;12;33;0,36363636363636365
HJXXIII;UNIDADE INTERNAÇÃO - CLINICA NEUROLOGICA 5º ANDAR;2025;3;13;65;0,2
HJXXIII;UNIDADE INTERNAÇÃO - QUEIMADOS GRAVES 9º ANDAR;2025;3;1;4;0,25
HJXXIII;UNIDADE INTERNAÇÃO - QUEIMADOS MÉDIOS - 8º ANDAR;2025;3;11;36;0,3055555555555556
HJXXIII;UTI;2025;3;1;46;0,021739130434782608
HJXXIII;UTI -  PEDIATRICO 2º ANDAR;2025;3;1;23;0,043478260869565216
HJXXIII;BLOCO CIRURGICO;2025;4;0;32;0,0
HJXXIII;PRONTO SOCORRO;2025;4;3;672;0,004464285714285714
HJXXIII;UNIDADE INTERNAÇÃO - CIRURGIA GERAL 4º ANDAR;2025;4;5;113;0,04424778761061947
HJXXIII;UNIDADE INTERNAÇÃO - CIRURGIA PLÁSTICA 7º ANDAR;2025;4;6;68;0,08823529411764706
HJXXIII;UNIDADE INTERNAÇÃO - CLINICA CUIDADOS PROGRESSIVOS 3º ANDAR;2025;4;4;20;0,2
HJXXIII;UNIDADE INTERNAÇÃO - CLINICA MÉDICA 6º ANDAR;2025;4;15;61;0,2459016393442623
HJXXIII;UNIDADE INTERNAÇÃO - CLINICA NEUROLOGICA 5º ANDAR;2025;4;18;96;0,1875
HJXXIII;UNIDADE INTERNAÇÃO - QUEIMADOS GRAVES 9º ANDAR;2025;4;1;2;0,5
HJXXIII;UNIDADE INTERNAÇÃO - QUEIMADOS MÉDIOS - 8º ANDAR;2025;4;8;33;0,24242424242424243
HJXXIII;UTI;2025;4;0;34;0,0
HJXXIII;UTI -  PEDIATRICO 2º ANDAR;2025;4;1;35;0,02857142857142857
HJXXIII;BLOCO CIRURGICO;2025;5;0;41;0,0
HJXXIII;PRONTO SOCORRO;2025;5;3;626;0,004792332268370607
HJXXIII;UNIDADE INTERNAÇÃO - CIRURGIA GERAL 4º ANDAR;2025;5;13;131;0,09923664122137404
HJXXIII;UNIDADE INTERNAÇÃO - CIRURGIA PLÁSTICA 7º ANDAR;2025;5;12;113;0,10619469026548672
HJXXIII;UNIDADE INTERNAÇÃO - CLINICA CUIDADOS PROGRESSIVOS 3º ANDAR;2025;5;5;15;0,3333333333333333
HJXXIII;UNIDADE INTERNAÇÃO - CLINICA MÉDICA 6º ANDAR;2025;5;10;60;0,16666666666666666
HJXXIII;UNIDADE INTERNAÇÃO - CLINICA NEUROLOGICA 5º ANDAR;2025;5;7;77;0,09090909090909091
HJXXIII;UNIDADE INTERNAÇÃO - QUEIMADOS GRAVES 9º ANDAR;2025;5;0;1;0,0
HJXXIII;UNIDADE INTERNAÇÃO - QUEIMADOS MÉDIOS - 8º ANDAR;2025;5;7;30;0,23333333333333334
HJXXIII;UTI;2025;5;0;31;0,0
HJXXIII;UTI -  PEDIATRICO 2º ANDAR;2025;5;1;57;0,017543859649122806
HJXXIII;BLOCO CIRURGICO;2025;6;0;35;0,0
HJXXIII;PRONTO SOCORRO;2025;6;2;623;0,0032102728731942215
HJXXIII;UNIDADE INTERNAÇÃO - CIRURGIA GERAL 4º ANDAR;2025;6;5;114;0,043859649122807015
HJXXIII;UNIDADE INTERNAÇÃO - CIRURGIA PLÁSTICA 7º ANDAR;2025;6;11;78;0,14102564102564102
HJXXIII;UNIDADE INTERNAÇÃO - CLINICA CUIDADOS PROGRESSIVOS 3º ANDAR;2025;6;1;16;0,0625
HJXXIII;UNIDADE INTERNAÇÃO - CLINICA MÉDICA 6º ANDAR;2025;6;11;51;0,21568627450980393
HJXXIII;UNIDADE INTERNAÇÃO - CLINICA NEUROLOGICA 5º ANDAR;2025;6;16;75;0,21333333333333335
HJXXIII;UNIDADE INTERNAÇÃO - QUEIMADOS MÉDIOS - 8º ANDAR;2025;6;14;36;0,3888888888888889
HJXXIII;UTI;2025;6;2;30;0,06666666666666667
HJXXIII;UTI -  PEDIATRICO 2º ANDAR;2025;6;0;84;0,0
HJXXIII;BLOCO CIRURGICO;2025;7;0;51;0,0
HJXXIII;PRONTO SOCORRO;2025;7;1;691;0,001447178002894356
HJXXIII;UNIDADE INTERNAÇÃO - CIRURGIA GERAL 4º ANDAR;2025;7;6;94;0,06382978723404255
HJXXIII;UNIDADE INTERNAÇÃO - CIRURGIA PLÁSTICA 7º ANDAR;2025;7;15;76;0,19736842105263158
HJXXIII;UNIDADE INTERNAÇÃO - CLINICA CUIDADOS PROGRESSIVOS 3º ANDAR;2025;7;5;25;0,2
HJXXIII;UNIDADE INTERNAÇÃO - CLINICA MÉDICA 6º ANDAR;2025;7;13;55;0,23636363636363636
HJXXIII;UNIDADE INTERNAÇÃO - CLINICA NEUROLOGICA 5º ANDAR;2025;7;10;86;0,11627906976744186
HJXXIII;UNIDADE INTERNAÇÃO - QUEIMADOS GRAVES 9º ANDAR;2025;7;1;4;0,25
HJXXIII;UNIDADE INTERNAÇÃO - QUEIMADOS MÉDIOS - 8º ANDAR;2025;7;8;32;0,25
HJXXIII;UTI;2025;7;1;30;0,03333333333333333
HJXXIII;UTI -  PEDIATRICO 2º ANDAR;2025;7;1;25;0,04
HJXXIII;BLOCO CIRURGICO;2025;8;0;68;0,0
HJXXIII;PRONTO SOCORRO;2025;8;4;673;0,005943536404160475
HJXXIII;UNIDADE INTERNAÇÃO - CIRURGIA GERAL 4º ANDAR;2025;8;10;106;0,09433962264150944
HJXXIII;UNIDADE INTERNAÇÃO - CIRURGIA PLÁSTICA 7º ANDAR;2025;8;9;85;0,10588235294117647
HJXXIII;UNIDADE INTERNAÇÃO - CLINICA CUIDADOS PROGRESSIVOS 3º ANDAR;2025;8;3;31;0,0967741935483871
HJXXIII;UNIDADE INTERNAÇÃO - CLINICA MÉDICA 6º ANDAR;2025;8;9;51;0,17647058823529413
HJXXIII;UNIDADE INTERNAÇÃO - CLINICA NEUROLOGICA 5º ANDAR;2025;8;13;91;0,14285714285714285
HJXXIII;UNIDADE INTERNAÇÃO - QUEIMADOS GRAVES 9º ANDAR;2025;8;1;1;1,0
HJXXIII;UNIDADE INTERNAÇÃO - QUEIMADOS MÉDIOS - 8º ANDAR;2025;8;6;35;0,17142857142857143
HJXXIII;UTI;2025;8;0;21;0,0
HJXXIII;UTI -  PEDIATRICO 2º ANDAR;2025;8;0;38;0,0
HJXXIII;BLOCO CIRURGICO;2025;9;0;53;0,0
HJXXIII;PRONTO SOCORRO;2025;9;3;592;0,005067567567567568
HJXXIII;UNIDADE INTERNAÇÃO - CIRURGIA GERAL 4º ANDAR;2025;9;8;106;0,07547169811320754
HJXXIII;UNIDADE INTERNAÇÃO - CIRURGIA PLÁSTICA 7º ANDAR;2025;9;13;120;0,10833333333333334
HJXXIII;UNIDADE INTERNAÇÃO - CLINICA CUIDADOS PROGRESSIVOS 3º ANDAR;2025;9;4;16;0,25
HJXXIII;UNIDADE INTERNAÇÃO - CLINICA MÉDICA 6º ANDAR;2025;9;12;62;0,1935483870967742
HJXXIII;UNIDADE INTERNAÇÃO - CLINICA NEUROLOGICA 5º ANDAR;2025;9;6;81;0,07407407407407407
HJXXIII;UNIDADE INTERNAÇÃO - QUEIMADOS MÉDIOS - 8º ANDAR;2025;9;8;35;0,22857142857142856
HJXXIII;UTI;2025;9;3;25;0,12
HJXXIII;UTI -  PEDIATRICO 2º ANDAR;2025;9;0;15;0,0
HJXXIII;BLOCO CIRURGICO;2025;10;0;65;0,0
HJXXIII;PRONTO SOCORRO;2025;10;2;698;0,0028653295128939827
HJXXIII;UNIDADE INTERNAÇÃO - CIRURGIA GERAL 4º ANDAR;2025;10;10;109;0,09174311926605505
HJXXIII;UNIDADE INTERNAÇÃO - CIRURGIA PLÁSTICA 7º ANDAR;2025;10;10;105;0,09523809523809523
HJXXIII;UNIDADE INTERNAÇÃO - CLINICA CUIDADOS PROGRESSIVOS 3º ANDAR;2025;10;4;20;0,2
HJXXIII;UNIDADE INTERNAÇÃO - CLINICA MÉDICA 6º ANDAR;2025;10;12;72;0,16666666666666666
HJXXIII;UNIDADE INTERNAÇÃO - CLINICA NEUROLOGICA 5º ANDAR;2025;10;8;68;0,11764705882352941
HJXXIII;UNIDADE INTERNAÇÃO - QUEIMADOS GRAVES 9º ANDAR;2025;10;1;1;1,0
HJXXIII;UNIDADE INTERNAÇÃO - QUEIMADOS MÉDIOS - 8º ANDAR;2025;10;8;29;0,27586206896551724
HJXXIII;UTI;2025;10;0;34;0,0
HJXXIII;UTI -  PEDIATRICO 2º ANDAR;2025;10;0;14;0,0
HJXXIII;BLOCO CIRURGICO;2025;11;0;56;0,0
HJXXIII;PRONTO SOCORRO;2025;11;4;593;0,006745362563237774
HJXXIII;UNIDADE INTERNAÇÃO - CIRURGIA GERAL 4º ANDAR;2025;11;5;78;0,0641025641025641
HJXXIII;UNIDADE INTERNAÇÃO - CIRURGIA PLÁSTICA 7º ANDAR;2025;11;8;82;0,0975609756097561
HJXXIII;UNIDADE INTERNAÇÃO - CLINICA CUIDADOS PROGRESSIVOS 3º ANDAR;2025;11;2;15;0,13333333333333333
HJXXIII;UNIDADE INTERNAÇÃO - CLINICA MÉDICA 6º ANDAR;2025;11;5;56;0,08928571428571429
HJXXIII;UNIDADE INTERNAÇÃO - CLINICA NEUROLOGICA 5º ANDAR;2025;11;14;52;0,2692307692307692
HJXXIII;UNIDADE INTERNAÇÃO - QUEIMADOS GRAVES 9º ANDAR;2025;11;0;1;0,0
HJXXIII;UNIDADE INTERNAÇÃO - QUEIMADOS MÉDIOS - 8º ANDAR;2025;11;11;35;0,3142857142857143
HJXXIII;UTI;2025;11;4;34;0,11764705882352941
HJXXIII;UTI -  PEDIATRICO 2º ANDAR;2025;11;0;25;0,0
HJXXIII;BLOCO CIRURGICO;2025;12;0;51;0,0
HJXXIII;PRONTO SOCORRO;2025;12;3;632;0,004746835443037975
HJXXIII;UNIDADE INTERNAÇÃO - CIRURGIA GERAL 4º ANDAR;2025;12;12;126;0,09523809523809523
HJXXIII;UNIDADE INTERNAÇÃO - CIRURGIA PLÁSTICA 7º ANDAR;2025;12;11;93;0,11827956989247312
HJXXIII;UNIDADE INTERNAÇÃO - CLINICA CUIDADOS PROGRESSIVOS 3º ANDAR;2025;12;3;16;0,1875
HJXXIII;UNIDADE INTERNAÇÃO - CLINICA MÉDICA 6º ANDAR;2025;12;13;60;0,21666666666666667
HJXXIII;UNIDADE INTERNAÇÃO - CLINICA NEUROLOGICA 5º ANDAR;2025;12;19;86;0,22093023255813954
HJXXIII;UNIDADE INTERNAÇÃO - QUEIMADOS GRAVES 9º ANDAR;2025;12;4;6;0,6666666666666666
HJXXIII;UNIDADE INTERNAÇÃO - QUEIMADOS MÉDIOS - 8º ANDAR;2025;12;13;38;0,34210526315789475
HJXXIII;UTI;2025;12;0;27;0,0
HJXXIII;UTI -  PEDIATRICO 2º ANDAR;2025;12;1;22;0,045454545454545456
HJXXIII;BLOCO CIRURGICO;2026;1;0;55;0,0
HJXXIII;PRONTO SOCORRO;2026;1;1;579;0,0017271157167530224
HJXXIII;UNIDADE INTERNAÇÃO - CIRURGIA GERAL 4º ANDAR;2026;1;7;91;0,07692307692307693
HJXXIII;UNIDADE INTERNAÇÃO - CIRURGIA PLÁSTICA 7º ANDAR;2026;1;12;70;0,17142857142857143
HJXXIII;UNIDADE INTERNAÇÃO - CLINICA CUIDADOS PROGRESSIVOS 3º ANDAR;2026;1;1;8;0,125
HJXXIII;UNIDADE INTERNAÇÃO - CLINICA MÉDICA 6º ANDAR;2026;1;12;68;0,17647058823529413
HJXXIII;UNIDADE INTERNAÇÃO - CLINICA NEUROLOGICA 5º ANDAR;2026;1;17;81;0,20987654320987653
HJXXIII;UNIDADE INTERNAÇÃO - QUEIMADOS GRAVES 9º ANDAR;2026;1;0;1;0,0
HJXXIII;UNIDADE INTERNAÇÃO - QUEIMADOS MÉDIOS - 8º ANDAR;2026;1;9;30;0,3
HJXXIII;UTI;2026;1;1;25;0,04
HJXXIII;UTI -  PEDIATRICO 2º ANDAR;2026;1;1;14;0,07142857142857142
HJXXIII;BLOCO CIRURGICO;2026;2;0;55;0,0
HJXXIII;PRONTO SOCORRO;2026;2;3;541;0,005545286506469501
HJXXIII;UNIDADE INTERNAÇÃO - CIRURGIA GERAL 4º ANDAR;2026;2;10;95;0,10526315789473684
HJXXIII;UNIDADE INTERNAÇÃO - CIRURGIA PLÁSTICA 7º ANDAR;2026;2;16;81;0,19753086419753085
HJXXIII;UNIDADE INTERNAÇÃO - CLINICA CUIDADOS PROGRESSIVOS 3º ANDAR;2026;2;4;16;0,25
HJXXIII;UNIDADE INTERNAÇÃO - CLINICA MÉDICA 6º ANDAR;2026;2;12;59;0,2033898305084746
HJXXIII;UNIDADE INTERNAÇÃO - CLINICA NEUROLOGICA 5º ANDAR;2026;2;9;54;0,16666666666666666
HJXXIII;UNIDADE INTERNAÇÃO - QUEIMADOS MÉDIOS - 8º ANDAR;2026;2;7;25;0,28
HJXXIII;UTI;2026;2;1;28;0,03571428571428571
HJXXIII;UTI -  PEDIATRICO 2º ANDAR;2026;2;0;8;0,0
HJXXIII;BLOCO CIRURGICO;2026;3;0;57;0,0
HJXXIII;PRONTO SOCORRO;2026;3;4;662;0,006042296072507553
HJXXIII;UNIDADE INTERNAÇÃO - CIRURGIA GERAL 4º ANDAR;2026;3;10;111;0,09009009009009009
HJXXIII;UNIDADE INTERNAÇÃO - CIRURGIA PLÁSTICA 7º ANDAR;2026;3;5;100;0,05
HJXXIII;UNIDADE INTERNAÇÃO - CLINICA CUIDADOS PROGRESSIVOS 3º ANDAR;2026;3;4;15;0,26666666666666666
HJXXIII;UNIDADE INTERNAÇÃO - CLINICA MÉDICA 6º ANDAR;2026;3;8;61;0,13114754098360656
HJXXIII;UNIDADE INTERNAÇÃO - CLINICA NEUROLOGICA 5º ANDAR;2026;3;14;93;0,15053763440860216
HJXXIII;UNIDADE INTERNAÇÃO - QUEIMADOS GRAVES 9º ANDAR;2026;3;1;1;1,0
HJXXIII;UNIDADE INTERNAÇÃO - QUEIMADOS MÉDIOS - 8º ANDAR;2026;3;6;29;0,20689655172413793
HJXXIII;UTI;2026;3;3;23;0,13043478260869565
HJXXIII;UTI -  PEDIATRICO 2º ANDAR;2026;3;1;30;0,03333333333333333
HJXXIII;BLOCO CIRURGICO;2026;4;0;56;0,0
HJXXIII;PRONTO SOCORRO;2026;4;10;684;0,014619883040935672
HJXXIII;UNIDADE INTERNAÇÃO - CIRURGIA GERAL 4º ANDAR;2026;4;6;99;0,06060606060606061
HJXXIII;UNIDADE INTERNAÇÃO - CIRURGIA PLÁSTICA 7º ANDAR;2026;4;8;70;0,11428571428571428
HJXXIII;UNIDADE INTERNAÇÃO - CLINICA CUIDADOS PROGRESSIVOS 3º ANDAR;2026;4;2;7;0,2857142857142857
HJXXIII;UNIDADE INTERNAÇÃO - CLINICA MÉDICA 6º ANDAR;2026;4;11;62;0,1774193548387097
HJXXIII;UNIDADE INTERNAÇÃO - CLINICA NEUROLOGICA 5º ANDAR;2026;4;12;76;0,15789473684210525
HJXXIII;UNIDADE INTERNAÇÃO - QUEIMADOS GRAVES 9º ANDAR;2026;4;0;1;0,0
HJXXIII;UNIDADE INTERNAÇÃO - QUEIMADOS MÉDIOS - 8º ANDAR;2026;4;10;38;0,2631578947368421
HJXXIII;UTI;2026;4;0;30;0,0
HJXXIII;UTI -  PEDIATRICO 2º ANDAR;2026;4;0;43;0,0
HJXXIII;BLOCO CIRURGICO;2026;5;1;52;0,019230769230769232
HJXXIII;PRONTO SOCORRO;2026;5;3;666;0,0045045045045045045
HJXXIII;UNIDADE INTERNAÇÃO - CIRURGIA GERAL 4º ANDAR;2026;5;10;92;0,10869565217391304
HJXXIII;UNIDADE INTERNAÇÃO - CIRURGIA PLÁSTICA 7º ANDAR;2026;5;8;100;0,08
HJXXIII;UNIDADE INTERNAÇÃO - CLINICA CUIDADOS PROGRESSIVOS 3º ANDAR;2026;5;5;17;0,29411764705882354
HJXXIII;UNIDADE INTERNAÇÃO - CLINICA MÉDICA 6º ANDAR;2026;5;12;71;0,16901408450704225
HJXXIII;UNIDADE INTERNAÇÃO - CLINICA NEUROLOGICA 5º ANDAR;2026;5;20;93;0,21505376344086022
HJXXIII;UNIDADE INTERNAÇÃO - QUEIMADOS GRAVES 9º ANDAR;2026;5;1;2;0,5
HJXXIII;UNIDADE INTERNAÇÃO - QUEIMADOS MÉDIOS - 8º ANDAR;2026;5;5;37;0,13513513513513514
HJXXIII;UTI;2026;5;4;34;0,11764705882352941
HJXXIII;UTI -  PEDIATRICO 2º ANDAR;2026;5;0;76;0,0
HMAL;UNIDADE DE INTERNAÇÃO - TRAUMATO/ORTOPEDIA A;2023;1;2;67;0,029850746268656716
HMAL;UNIDADE DE INTERNAÇÃO - TRAUMATO/ORTOPEDIA B;2023;1;3;115;0,02608695652173913
HMAL;UNIDADE DE INTERNAÇÃO - TRAUMATO/ORTOPEDIA A;2023;2;2;77;0,025974025974025976
HMAL;UNIDADE DE INTERNAÇÃO - TRAUMATO/ORTOPEDIA B;2023;2;0;107;0,0
HMAL;UNIDADE DE INTERNAÇÃO - TRAUMATO/ORTOPEDIA A;2023;3;2;108;0,018518518518518517
HMAL;UNIDADE DE INTERNAÇÃO - TRAUMATO/ORTOPEDIA B;2023;3;0;172;0,0
HMAL;UNIDADE DE INTERNAÇÃO - TRAUMATO/ORTOPEDIA A;2023;4;3;81;0,037037037037037035
HMAL;UNIDADE DE INTERNAÇÃO - TRAUMATO/ORTOPEDIA B;2023;4;1;127;0,007874015748031496
HMAL;UNIDADE DE INTERNAÇÃO - TRAUMATO/ORTOPEDIA A;2023;5;3;103;0,02912621359223301
HMAL;UNIDADE DE INTERNAÇÃO - TRAUMATO/ORTOPEDIA B;2023;5;1;136;0,007352941176470588
HMAL;UNIDADE DE INTERNAÇÃO - TRAUMATO/ORTOPEDIA A;2023;6;3;112;0,026785714285714284
HMAL;UNIDADE DE INTERNAÇÃO - TRAUMATO/ORTOPEDIA B;2023;6;0;182;0,0
HMAL;AMBULATORIO DE ORTOPEDIA;2023;7;0;1;0,0
HMAL;UNIDADE DE INTERNAÇÃO - TRAUMATO/ORTOPEDIA A;2023;7;2;116;0,017241379310344827
HMAL;UNIDADE DE INTERNAÇÃO - TRAUMATO/ORTOPEDIA B;2023;7;0;128;0,0
HMAL;UNIDADE DE INTERNAÇÃO - TRAUMATO/ORTOPEDIA A;2023;8;1;147;0,006802721088435374
HMAL;UNIDADE DE INTERNAÇÃO - TRAUMATO/ORTOPEDIA B;2023;8;2;125;0,016
HMAL;UNIDADE DE INTERNAÇÃO - TRAUMATO/ORTOPEDIA A;2023;9;2;153;0,013071895424836602
HMAL;UNIDADE DE INTERNAÇÃO - TRAUMATO/ORTOPEDIA B;2023;9;3;108;0,027777777777777776
HMAL;UNIDADE DE INTERNAÇÃO - TRAUMATO/ORTOPEDIA A;2023;10;1;152;0,006578947368421052
HMAL;UNIDADE DE INTERNAÇÃO - TRAUMATO/ORTOPEDIA B;2023;10;1;123;0,008130081300813009
HMAL;UNIDADE DE INTERNAÇÃO - TRAUMATO/ORTOPEDIA A;2023;11;2;144;0,013888888888888888
HMAL;UNIDADE DE INTERNAÇÃO - TRAUMATO/ORTOPEDIA B;2023;11;4;137;0,029197080291970802
HMAL;UNIDADE DE INTERNAÇÃO - TRAUMATO/ORTOPEDIA A;2023;12;0;165;0,0
HMAL;UNIDADE DE INTERNAÇÃO - TRAUMATO/ORTOPEDIA B;2023;12;0;152;0,0
HMAL;UNIDADE DE INTERNAÇÃO - TRAUMATO/ORTOPEDIA A;2024;1;1;125;0,008
HMAL;UNIDADE DE INTERNAÇÃO - TRAUMATO/ORTOPEDIA B;2024;1;4;116;0,034482758620689655
HMAL;UNIDADE DE INTERNAÇÃO - TRAUMATO/ORTOPEDIA A;2024;2;0;113;0,0
HMAL;UNIDADE DE INTERNAÇÃO - TRAUMATO/ORTOPEDIA B;2024;2;0;99;0,0
HMAL;UNIDADE DE INTERNAÇÃO - TRAUMATO/ORTOPEDIA A;2024;3;3;125;0,024
HMAL;UNIDADE DE INTERNAÇÃO - TRAUMATO/ORTOPEDIA B;2024;3;0;121;0,0
HMAL;UNIDADE DE INTERNAÇÃO - TRAUMATO/ORTOPEDIA A;2024;4;0;137;0,0
HMAL;UNIDADE DE INTERNAÇÃO - TRAUMATO/ORTOPEDIA B;2024;4;4;119;0,03361344537815126
HMAL;UNIDADE DE INTERNAÇÃO - TRAUMATO/ORTOPEDIA A;2024;5;0;144;0,0
HMAL;UNIDADE DE INTERNAÇÃO - TRAUMATO/ORTOPEDIA B;2024;5;0;130;0,0
HMAL;UNIDADE DE INTERNAÇÃO - TRAUMATO/ORTOPEDIA A;2024;6;2;114;0,017543859649122806
HMAL;UNIDADE DE INTERNAÇÃO - TRAUMATO/ORTOPEDIA B;2024;6;3;117;0,02564102564102564
HMAL;UNIDADE DE INTERNAÇÃO - TRAUMATO/ORTOPEDIA A;2024;7;0;119;0,0
HMAL;UNIDADE DE INTERNAÇÃO - TRAUMATO/ORTOPEDIA B;2024;7;2;106;0,018867924528301886
HMAL;UNIDADE DE INTERNAÇÃO - TRAUMATO/ORTOPEDIA A;2024;8;2;124;0,016129032258064516
HMAL;UNIDADE DE INTERNAÇÃO - TRAUMATO/ORTOPEDIA B;2024;8;1;124;0,008064516129032258
HMAL;AMBULATORIO DE ORTOPEDIA;2024;9;0;1;0,0
HMAL;UNIDADE DE INTERNAÇÃO - TRAUMATO/ORTOPEDIA A;2024;9;1;121;0,008264462809917356
HMAL;UNIDADE DE INTERNAÇÃO - TRAUMATO/ORTOPEDIA B;2024;9;0;82;0,0
HMAL;UNIDADE DE INTERNAÇÃO - TRAUMATO/ORTOPEDIA A;2024;10;1;127;0,007874015748031496
HMAL;UNIDADE DE INTERNAÇÃO - TRAUMATO/ORTOPEDIA B;2024;10;4;121;0,03305785123966942
HMAL;UNIDADE DE INTERNAÇÃO - TRAUMATO/ORTOPEDIA A;2024;11;2;103;0,019417475728155338
HMAL;UNIDADE DE INTERNAÇÃO - TRAUMATO/ORTOPEDIA B;2024;11;0;85;0,0
HMAL;UNIDADE DE INTERNAÇÃO - TRAUMATO/ORTOPEDIA A;2024;12;0;83;0,0
HMAL;UNIDADE DE INTERNAÇÃO - TRAUMATO/ORTOPEDIA B;2024;12;4;82;0,04878048780487805
HMAL;UNIDADE DE INTERNAÇÃO - TRAUMATO/ORTOPEDIA A;2025;1;3;68;0,04411764705882353
HMAL;UNIDADE DE INTERNAÇÃO - TRAUMATO/ORTOPEDIA B;2025;1;1;59;0,01694915254237288
HMAL;UNIDADE DE INTERNAÇÃO - TRAUMATO/ORTOPEDIA A;2025;2;1;24;0,041666666666666664
HMAL;UNIDADE DE INTERNAÇÃO - TRAUMATO/ORTOPEDIA B;2025;2;0;38;0,0
HMAL;UNIDADE DE INTERNAÇÃO - TRAUMATO/ORTOPEDIA A;2025;3;0;15;0,0
HMAL;UNIDADE DE INTERNAÇÃO - TRAUMATO/ORTOPEDIA B;2025;3;0;17;0,0
HMAL;UNIDADE DE INTERNAÇÃO - TRAUMATO/ORTOPEDIA B;2025;4;0;22;0,0
HMAL;UNIDADE DE INTERNAÇÃO - TRAUMATO/ORTOPEDIA B;2025;5;0;75;0,0
HMAL;UNIDADE DE INTERNAÇÃO - TRAUMATO/ORTOPEDIA B;2025;6;1;69;0,014492753623188406
HMAL;UNIDADE DE INTERNAÇÃO - TRAUMATO/ORTOPEDIA B;2025;7;2;80;0,025
HMAL;UNIDADE DE INTERNAÇÃO - TRAUMATO/ORTOPEDIA B;2025;8;0;71;0,0
HMAL;UNIDADE DE INTERNAÇÃO - TRAUMATO/ORTOPEDIA B;2025;9;2;51;0,0392156862745098
HMAL;UNIDADE DE INTERNAÇÃO - TRAUMATO/ORTOPEDIA B;2025;10;2;64;0,03125
HMAL;UNIDADE DE INTERNAÇÃO - TRAUMATO/ORTOPEDIA B;2025;11;0;69;0,0
HMAL;UNIDADE DE INTERNAÇÃO - TRAUMATO/ORTOPEDIA B;2025;12;0;41;0,0
HMAL;UNIDADE INTERNAÇÃO - BUCO TRAUMATO ORTOPEDIA 2º ANDAR;2025;12;0;1;0,0
HMAL;UNIDADE DE INTERNAÇÃO - TRAUMATO/ORTOPEDIA B;2026;1;0;80;0,0
HMAL;UNIDADE INTERNAÇÃO - BUCO TRAUMATO ORTOPEDIA 2º ANDAR;2026;1;0;1;0,0
HMAL;UNIDADE DE INTERNAÇÃO - TRAUMATO/ORTOPEDIA B;2026;2;0;44;0,0
HMAL;UNIDADE DE INTERNAÇÃO - TRAUMATO/ORTOPEDIA B;2026;3;0;43;0,0
HMAL;UNIDADE DE INTERNAÇÃO - TRAUMATO/ORTOPEDIA B;2026;4;2;37;0,05405405405405406
HMAL;UNIDADE DE INTERNAÇÃO - TRAUMATO/ORTOPEDIA B;2026;5;0;36;0,0
HRAD;ALOJAMENTO CONJUNTO;2023;1;1;155;0,0064516129032258064
HRAD;BLOCO OBSTÉTRICO;2023;1;0;6;0,0
HRAD;UNIDADE DE DECISAO CLINICA;2023;1;0;138;0,0
HRAD;UNIDADE INTERNAÇÃO - CLINICA CIRURGICA;2023;1;5;78;0,0641025641025641
HRAD;UNIDADE INTERNAÇÃO - CLINICA MÉDICA;2023;1;5;62;0,08064516129032258
HRAD;UNIDADE INTERNAÇÃO - CLINICA ORTOPÉDICA;2023;1;0;113;0,0
HRAD;UNIDADE INTERNAÇÃO - CLINICA PEDIÁTRICA;2023;1;0;51;0,0
HRAD;UTI - ADULTO;2023;1;0;15;0,0
HRAD;UTI - NEONATAL;2023;1;2;4;0,5
HRAD;ALOJAMENTO CONJUNTO;2023;2;0;140;0,0
HRAD;AMBULATORIO - RETORNOS;2023;2;1;1;1,0
HRAD;BLOCO OBSTÉTRICO;2023;2;0;1;0,0
HRAD;UNIDADE DE DECISAO CLINICA;2023;2;0;121;0,0
HRAD;UNIDADE INTERNAÇÃO - CLINICA CIRURGICA;2023;2;3;87;0,034482758620689655
HRAD;UNIDADE INTERNAÇÃO - CLINICA MÉDICA;2023;2;2;51;0,0392156862745098
HRAD;UNIDADE INTERNAÇÃO - CLINICA ORTOPÉDICA;2023;2;2;84;0,023809523809523808
HRAD;UNIDADE INTERNAÇÃO - CLINICA PEDIÁTRICA;2023;2;2;38;0,05263157894736842
HRAD;UTI - ADULTO;2023;2;2;12;0,16666666666666666
HRAD;UTI - NEONATAL;2023;2;0;1;0,0
HRAD;ALOJAMENTO CONJUNTO;2023;3;0;168;0,0
HRAD;BLOCO OBSTÉTRICO;2023;3;0;3;0,0
HRAD;UNIDADE DE DECISAO CLINICA;2023;3;0;145;0,0
HRAD;UNIDADE INTERNAÇÃO - CLINICA CIRURGICA;2023;3;3;98;0,030612244897959183
HRAD;UNIDADE INTERNAÇÃO - CLINICA MÉDICA;2023;3;6;46;0,13043478260869565
HRAD;UNIDADE INTERNAÇÃO - CLINICA ORTOPÉDICA;2023;3;4;129;0,031007751937984496
HRAD;UNIDADE INTERNAÇÃO - CLINICA PEDIÁTRICA;2023;3;0;48;0,0
HRAD;UTI - ADULTO;2023;3;0;17;0,0
HRAD;UTI - NEONATAL;2023;3;1;2;0,5
HRAD;ALOJAMENTO CONJUNTO;2023;4;0;175;0,0
HRAD;AMBULATORIO - RETORNOS;2023;4;0;1;0,0
HRAD;BLOCO OBSTÉTRICO;2023;4;0;3;0,0
HRAD;UNIDADE DE DECISAO CLINICA;2023;4;0;162;0,0
HRAD;UNIDADE INTERNAÇÃO - CLINICA CIRURGICA;2023;4;0;99;0,0
HRAD;UNIDADE INTERNAÇÃO - CLINICA MÉDICA;2023;4;4;45;0,08888888888888889
HRAD;UNIDADE INTERNAÇÃO - CLINICA ORTOPÉDICA;2023;4;1;92;0,010869565217391304
HRAD;UNIDADE INTERNAÇÃO - CLINICA PEDIÁTRICA;2023;4;3;50;0,06
HRAD;UTI - ADULTO;2023;4;1;18;0,05555555555555555
HRAD;UTI - NEONATAL;2023;4;0;1;0,0
HRAD;ALOJAMENTO CONJUNTO;2023;5;0;158;0,0
HRAD;BLOCO OBSTÉTRICO;2023;5;0;7;0,0
HRAD;UNIDADE DE DECISAO CLINICA;2023;5;0;139;0,0
HRAD;UNIDADE INTERNAÇÃO - CLINICA CIRURGICA;2023;5;5;112;0,044642857142857144
HRAD;UNIDADE INTERNAÇÃO - CLINICA MÉDICA;2023;5;5;50;0,1
HRAD;UNIDADE INTERNAÇÃO - CLINICA ORTOPÉDICA;2023;5;4;114;0,03508771929824561
HRAD;UNIDADE INTERNAÇÃO - CLINICA PEDIÁTRICA;2023;5;4;53;0,07547169811320754
HRAD;UTI - ADULTO;2023;5;0;12;0,0
HRAD;UTI - NEONATAL;2023;5;1;3;0,3333333333333333
HRAD;ALOJAMENTO CONJUNTO;2023;6;2;169;0,011834319526627219
HRAD;BLOCO OBSTÉTRICO;2023;6;0;3;0,0
HRAD;UNIDADE DE DECISAO CLINICA;2023;6;0;150;0,0
HRAD;UNIDADE INTERNAÇÃO - CLINICA CIRURGICA;2023;6;2;103;0,019417475728155338
HRAD;UNIDADE INTERNAÇÃO - CLINICA MÉDICA;2023;6;1;51;0,0196078431372549
HRAD;UNIDADE INTERNAÇÃO - CLINICA ORTOPÉDICA;2023;6;3;105;0,02857142857142857
HRAD;UNIDADE INTERNAÇÃO - CLINICA PEDIÁTRICA;2023;6;2;40;0,05
HRAD;UTI - ADULTO;2023;6;1;10;0,1
HRAD;UTI - NEONATAL;2023;6;0;3;0,0
HRAD;ALOJAMENTO CONJUNTO;2023;7;0;157;0,0
HRAD;BLOCO OBSTÉTRICO;2023;7;0;4;0,0
HRAD;UNIDADE DE DECISAO CLINICA;2023;7;0;127;0,0
HRAD;UNIDADE INTERNAÇÃO - CLINICA CIRURGICA;2023;7;4;98;0,04081632653061224
HRAD;UNIDADE INTERNAÇÃO - CLINICA MÉDICA;2023;7;5;56;0,08928571428571429
HRAD;UNIDADE INTERNAÇÃO - CLINICA ORTOPÉDICA;2023;7;6;90;0,06666666666666667
HRAD;UNIDADE INTERNAÇÃO - CLINICA PEDIÁTRICA;2023;7;4;55;0,07272727272727272
HRAD;UTI - ADULTO;2023;7;0;6;0,0
HRAD;UTI - NEONATAL;2023;7;0;1;0,0
HRAD;ALOJAMENTO CONJUNTO;2023;8;0;154;0,0
HRAD;BLOCO OBSTÉTRICO;2023;8;0;3;0,0
HRAD;UNIDADE DE DECISAO CLINICA;2023;8;0;154;0,0
HRAD;UNIDADE INTERNAÇÃO - CLINICA CIRURGICA;2023;8;5;86;0,05813953488372093
HRAD;UNIDADE INTERNAÇÃO - CLINICA MÉDICA;2023;8;5;51;0,09803921568627451
HRAD;UNIDADE INTERNAÇÃO - CLINICA ORTOPÉDICA;2023;8;2;109;0,01834862385321101
HRAD;UNIDADE INTERNAÇÃO - CLINICA PEDIÁTRICA;2023;8;5;50;0,1
HRAD;UTI - ADULTO;2023;8;0;13;0,0
HRAD;UTI - NEONATAL;2023;8;1;3;0,3333333333333333
HRAD;ALOJAMENTO CONJUNTO;2023;9;0;174;0,0
HRAD;AMBULATORIO - RETORNOS;2023;9;0;1;0,0
HRAD;BLOCO OBSTÉTRICO;2023;9;0;3;0,0
HRAD;UNIDADE DE DECISAO CLINICA;2023;9;0;135;0,0
HRAD;UNIDADE INTERNAÇÃO - CLINICA CIRURGICA;2023;9;4;114;0,03508771929824561
HRAD;UNIDADE INTERNAÇÃO - CLINICA MÉDICA;2023;9;5;58;0,08620689655172414
HRAD;UNIDADE INTERNAÇÃO - CLINICA ORTOPÉDICA;2023;9;4;117;0,03418803418803419
HRAD;UNIDADE INTERNAÇÃO - CLINICA PEDIÁTRICA;2023;9;3;46;0,06521739130434782
HRAD;UTI - ADULTO;2023;9;2;9;0,2222222222222222
HRAD;UTI - NEONATAL;2023;9;2;3;0,6666666666666666
HRAD;ALOJAMENTO CONJUNTO;2023;10;0;164;0,0
HRAD;BLOCO OBSTÉTRICO;2023;10;0;5;0,0
HRAD;UNIDADE DE DECISAO CLINICA;2023;10;0;145;0,0
HRAD;UNIDADE INTERNAÇÃO - CLINICA CIRURGICA;2023;10;3;90;0,03333333333333333
HRAD;UNIDADE INTERNAÇÃO - CLINICA MÉDICA;2023;10;5;53;0,09433962264150944
HRAD;UNIDADE INTERNAÇÃO - CLINICA ORTOPÉDICA;2023;10;2;118;0,01694915254237288
HRAD;UNIDADE INTERNAÇÃO - CLINICA PEDIÁTRICA;2023;10;0;53;0,0
HRAD;UTI - ADULTO;2023;10;0;17;0,0
HRAD;UTI - NEONATAL;2023;10;1;3;0,3333333333333333
HRAD;ALOJAMENTO CONJUNTO;2023;11;0;127;0,0
HRAD;BLOCO OBSTÉTRICO;2023;11;0;1;0,0
HRAD;UNIDADE DE DECISAO CLINICA;2023;11;0;133;0,0
HRAD;UNIDADE INTERNAÇÃO - CLINICA CIRURGICA;2023;11;5;103;0,04854368932038835
HRAD;UNIDADE INTERNAÇÃO - CLINICA MÉDICA;2023;11;3;55;0,05454545454545454
HRAD;UNIDADE INTERNAÇÃO - CLINICA ORTOPÉDICA;2023;11;1;128;0,0078125
HRAD;UNIDADE INTERNAÇÃO - CLINICA PEDIÁTRICA;2023;11;1;31;0,03225806451612903
HRAD;UTI - ADULTO;2023;11;3;16;0,1875
HRAD;ALOJAMENTO CONJUNTO;2023;12;0;158;0,0
HRAD;BLOCO OBSTÉTRICO;2023;12;0;4;0,0
HRAD;UNIDADE DE DECISAO CLINICA;2023;12;1;139;0,007194244604316547
HRAD;UNIDADE INTERNAÇÃO - CLINICA CIRURGICA;2023;12;3;118;0,025423728813559324
HRAD;UNIDADE INTERNAÇÃO - CLINICA MÉDICA;2023;12;3;61;0,04918032786885246
HRAD;UNIDADE INTERNAÇÃO - CLINICA ORTOPÉDICA;2023;12;2;129;0,015503875968992248
HRAD;UNIDADE INTERNAÇÃO - CLINICA PEDIÁTRICA;2023;12;3;55;0,05454545454545454
HRAD;UTI - ADULTO;2023;12;2;16;0,125
HRAD;UTI - NEONATAL;2023;12;2;3;0,6666666666666666
HRAD;ALOJAMENTO CONJUNTO;2024;1;0;157;0,0
HRAD;BLOCO OBSTÉTRICO;2024;1;0;2;0,0
HRAD;UNIDADE DE DECISAO CLINICA;2024;1;0;144;0,0
HRAD;UNIDADE INTERNAÇÃO - CLINICA CIRURGICA;2024;1;2;101;0,019801980198019802
HRAD;UNIDADE INTERNAÇÃO - CLINICA MÉDICA;2024;1;5;78;0,0641025641025641
HRAD;UNIDADE INTERNAÇÃO - CLINICA ORTOPÉDICA;2024;1;0;99;0,0
HRAD;UNIDADE INTERNAÇÃO - CLINICA PEDIÁTRICA;2024;1;2;45;0,044444444444444446
HRAD;UTI - ADULTO;2024;1;0;12;0,0
HRAD;UTI - NEONATAL;2024;1;1;3;0,3333333333333333
HRAD;ALOJAMENTO CONJUNTO;2024;2;1;141;0,0070921985815602835
HRAD;BLOCO OBSTÉTRICO;2024;2;0;1;0,0
HRAD;UNIDADE DE DECISAO CLINICA;2024;2;0;111;0,0
HRAD;UNIDADE INTERNAÇÃO - CLINICA CIRURGICA;2024;2;0;103;0,0
HRAD;UNIDADE INTERNAÇÃO - CLINICA MÉDICA;2024;2;2;42;0,047619047619047616
HRAD;UNIDADE INTERNAÇÃO - CLINICA ORTOPÉDICA;2024;2;7;114;0,06140350877192982
HRAD;UNIDADE INTERNAÇÃO - CLINICA PEDIÁTRICA;2024;2;2;44;0,045454545454545456
HRAD;UTI - ADULTO;2024;2;0;6;0,0
HRAD;UTI - NEONATAL;2024;2;1;3;0,3333333333333333
HRAD;ALOJAMENTO CONJUNTO;2024;3;0;158;0,0
HRAD;BLOCO OBSTÉTRICO;2024;3;0;3;0,0
HRAD;UNIDADE DE DECISAO CLINICA;2024;3;2;139;0,014388489208633094
HRAD;UNIDADE INTERNAÇÃO - CLINICA CIRURGICA;2024;3;2;98;0,02040816326530612
HRAD;UNIDADE INTERNAÇÃO - CLINICA MÉDICA;2024;3;11;60;0,18333333333333332
HRAD;UNIDADE INTERNAÇÃO - CLINICA ORTOPÉDICA;2024;3;1;137;0,0072992700729927005
HRAD;UNIDADE INTERNAÇÃO - CLINICA PEDIÁTRICA;2024;3;4;49;0,08163265306122448
HRAD;UTI - ADULTO;2024;3;0;11;0,0
HRAD;UTI - NEONATAL;2024;3;0;1;0,0
HRAD;ALOJAMENTO CONJUNTO;2024;4;1;139;0,007194244604316547
HRAD;BLOCO OBSTÉTRICO;2024;4;0;4;0,0
HRAD;UNIDADE DE DECISAO CLINICA;2024;4;0;131;0,0
HRAD;UNIDADE INTERNAÇÃO - CLINICA CIRURGICA;2024;4;3;105;0,02857142857142857
HRAD;UNIDADE INTERNAÇÃO - CLINICA MÉDICA;2024;4;4;66;0,06060606060606061
HRAD;UNIDADE INTERNAÇÃO - CLINICA ORTOPÉDICA;2024;4;0;104;0,0
HRAD;UNIDADE INTERNAÇÃO - CLINICA PEDIÁTRICA;2024;4;3;42;0,07142857142857142
HRAD;UTI - ADULTO;2024;4;0;15;0,0
HRAD;UTI - NEONATAL;2024;4;1;1;1,0
HRAD;ALOJAMENTO CONJUNTO;2024;5;1;159;0,006289308176100629
HRAD;AMBULATORIO - RETORNOS;2024;5;0;2;0,0
HRAD;BLOCO OBSTÉTRICO;2024;5;0;5;0,0
HRAD;UNIDADE DE DECISAO CLINICA;2024;5;0;149;0,0
HRAD;UNIDADE INTERNAÇÃO - CLINICA CIRURGICA;2024;5;2;89;0,02247191011235955
HRAD;UNIDADE INTERNAÇÃO - CLINICA MÉDICA;2024;5;2;57;0,03508771929824561
HRAD;UNIDADE INTERNAÇÃO - CLINICA ORTOPÉDICA;2024;5;1;115;0,008695652173913044
HRAD;UNIDADE INTERNAÇÃO - CLINICA PEDIÁTRICA;2024;5;3;52;0,057692307692307696
HRAD;UTI - ADULTO;2024;5;0;5;0,0
HRAD;UTI - NEONATAL;2024;5;1;3;0,3333333333333333
HRAD;ALOJAMENTO CONJUNTO;2024;6;0;158;0,0
HRAD;AMBULATORIO - RETORNOS;2024;6;0;1;0,0
HRAD;BLOCO OBSTÉTRICO;2024;6;0;2;0,0
HRAD;UNIDADE DE DECISAO CLINICA;2024;6;0;158;0,0
HRAD;UNIDADE INTERNAÇÃO - CLINICA CIRURGICA;2024;6;3;76;0,039473684210526314
HRAD;UNIDADE INTERNAÇÃO - CLINICA MÉDICA;2024;6;10;64;0,15625
HRAD;UNIDADE INTERNAÇÃO - CLINICA ORTOPÉDICA;2024;6;4;113;0,035398230088495575
HRAD;UNIDADE INTERNAÇÃO - CLINICA PEDIÁTRICA;2024;6;5;41;0,12195121951219512
HRAD;UTI - ADULTO;2024;6;2;12;0,16666666666666666
HRAD;UTI - NEONATAL;2024;6;0;2;0,0
HRAD;ALOJAMENTO CONJUNTO;2024;7;0;134;0,0
HRAD;UNIDADE DE DECISAO CLINICA;2024;7;0;118;0,0
HRAD;UNIDADE INTERNAÇÃO - CLINICA CIRURGICA;2024;7;4;98;0,04081632653061224
HRAD;UNIDADE INTERNAÇÃO - CLINICA MÉDICA;2024;7;6;76;0,07894736842105263
HRAD;UNIDADE INTERNAÇÃO - CLINICA ORTOPÉDICA;2024;7;1;142;0,007042253521126761
HRAD;UNIDADE INTERNAÇÃO - CLINICA PEDIÁTRICA;2024;7;1;53;0,018867924528301886
HRAD;UTI - ADULTO;2024;7;0;18;0,0
HRAD;UTI - NEONATAL;2024;7;0;2;0,0
HRAD;ALOJAMENTO CONJUNTO;2024;8;0;147;0,0
HRAD;BLOCO OBSTÉTRICO;2024;8;0;1;0,0
HRAD;UNIDADE DE DECISAO CLINICA;2024;8;1;105;0,009523809523809525
HRAD;UNIDADE INTERNAÇÃO - CLINICA CIRURGICA;2024;8;1;118;0,00847457627118644
HRAD;UNIDADE INTERNAÇÃO - CLINICA MÉDICA;2024;8;6;89;0,06741573033707865
HRAD;UNIDADE INTERNAÇÃO - CLINICA ORTOPÉDICA;2024;8;1;153;0,006535947712418301
HRAD;UNIDADE INTERNAÇÃO - CLINICA PEDIÁTRICA;2024;8;1;53;0,018867924528301886
HRAD;UTI - ADULTO;2024;8;1;17;0,058823529411764705
HRAD;UTI - NEONATAL;2024;8;0;1;0,0
HRAD;ALOJAMENTO CONJUNTO;2024;9;0;157;0,0
HRAD;AMBULATORIO - RETORNOS;2024;9;0;1;0,0
HRAD;UNIDADE DE DECISAO CLINICA;2024;9;1;116;0,008620689655172414
HRAD;UNIDADE INTERNAÇÃO - CLINICA CIRURGICA;2024;9;1;108;0,009259259259259259
HRAD;UNIDADE INTERNAÇÃO - CLINICA MÉDICA;2024;9;4;85;0,047058823529411764
HRAD;UNIDADE INTERNAÇÃO - CLINICA ORTOPÉDICA;2024;9;0;133;0,0
HRAD;UNIDADE INTERNAÇÃO - CLINICA PEDIÁTRICA;2024;9;2;59;0,03389830508474576
HRAD;UTI - ADULTO;2024;9;0;11;0,0
HRAD;UTI - NEONATAL;2024;9;2;5;0,4
HRAD;ALOJAMENTO CONJUNTO;2024;10;0;146;0,0
HRAD;UNIDADE DE DECISAO CLINICA;2024;10;0;122;0,0
HRAD;UNIDADE INTERNAÇÃO - CLINICA CIRURGICA;2024;10;2;118;0,01694915254237288
HRAD;UNIDADE INTERNAÇÃO - CLINICA MÉDICA;2024;10;5;97;0,05154639175257732
HRAD;UNIDADE INTERNAÇÃO - CLINICA ORTOPÉDICA;2024;10;2;143;0,013986013986013986
HRAD;UNIDADE INTERNAÇÃO - CLINICA PEDIÁTRICA;2024;10;2;70;0,02857142857142857
HRAD;UTI - ADULTO;2024;10;1;15;0,06666666666666667
HRAD;UTI - NEONATAL;2024;10;0;3;0,0
HRAD;ALOJAMENTO CONJUNTO;2024;11;0;161;0,0
HRAD;BLOCO OBSTÉTRICO;2024;11;0;1;0,0
HRAD;UNIDADE DE DECISAO CLINICA;2024;11;0;121;0,0
HRAD;UNIDADE INTERNAÇÃO - CLINICA CIRURGICA;2024;11;2;96;0,020833333333333332
HRAD;UNIDADE INTERNAÇÃO - CLINICA MÉDICA;2024;11;4;91;0,04395604395604396
HRAD;UNIDADE INTERNAÇÃO - CLINICA ORTOPÉDICA;2024;11;0;139;0,0
HRAD;UNIDADE INTERNAÇÃO - CLINICA PEDIÁTRICA;2024;11;4;62;0,06451612903225806
HRAD;UTI - ADULTO;2024;11;0;10;0,0
HRAD;UTI - NEONATAL;2024;11;0;4;0,0
HRAD;ALOJAMENTO CONJUNTO;2024;12;0;165;0,0
HRAD;BLOCO OBSTÉTRICO;2024;12;0;1;0,0
HRAD;UNIDADE DE DECISAO CLINICA;2024;12;0;129;0,0
HRAD;UNIDADE INTERNAÇÃO - CLINICA CIRURGICA;2024;12;5;105;0,047619047619047616
HRAD;UNIDADE INTERNAÇÃO - CLINICA MÉDICA;2024;12;4;81;0,04938271604938271
HRAD;UNIDADE INTERNAÇÃO - CLINICA ORTOPÉDICA;2024;12;0;135;0,0
HRAD;UNIDADE INTERNAÇÃO - CLINICA PEDIÁTRICA;2024;12;3;64;0,046875
HRAD;UTI - ADULTO;2024;12;0;9;0,0
HRAD;UTI - NEONATAL;2024;12;0;5;0,0
HRAD;ALOJAMENTO CONJUNTO;2025;1;0;159;0,0
HRAD;AMBULATORIO - RETORNOS;2025;1;0;1;0,0
HRAD;BLOCO OBSTÉTRICO;2025;1;0;1;0,0
HRAD;UNIDADE DE DECISAO CLINICA;2025;1;0;128;0,0
HRAD;UNIDADE INTERNAÇÃO - CLINICA CIRURGICA;2025;1;2;113;0,017699115044247787
HRAD;UNIDADE INTERNAÇÃO - CLINICA MÉDICA;2025;1;5;78;0,0641025641025641
HRAD;UNIDADE INTERNAÇÃO - CLINICA ORTOPÉDICA;2025;1;3;137;0,021897810218978103
HRAD;UNIDADE INTERNAÇÃO - CLINICA PEDIÁTRICA;2025;1;3;58;0,05172413793103448
HRAD;UTI - ADULTO;2025;1;1;5;0,2
HRAD;UTI - NEONATAL;2025;1;1;3;0,3333333333333333
HRAD;ALOJAMENTO CONJUNTO;2025;2;1;153;0,006535947712418301
HRAD;AMBULATORIO - RETORNOS;2025;2;0;1;0,0
HRAD;BLOCO OBSTÉTRICO;2025;2;0;2;0,0
HRAD;UNIDADE DE DECISAO CLINICA;2025;2;0;108;0,0
HRAD;UNIDADE INTERNAÇÃO - CLINICA CIRURGICA;2025;2;1;93;0,010752688172043012
HRAD;UNIDADE INTERNAÇÃO - CLINICA MÉDICA;2025;2;6;60;0,1
HRAD;UNIDADE INTERNAÇÃO - CLINICA ORTOPÉDICA;2025;2;2;125;0,016
HRAD;UNIDADE INTERNAÇÃO - CLINICA PEDIÁTRICA;2025;2;3;53;0,05660377358490566
HRAD;UTI - ADULTO;2025;2;1;15;0,06666666666666667
HRAD;UTI - NEONATAL;2025;2;0;1;0,0
HRAD;ALOJAMENTO CONJUNTO;2025;3;0;179;0,0
HRAD;AMBULATORIO - RETORNOS;2025;3;0;1;0,0
HRAD;BLOCO OBSTÉTRICO;2025;3;0;2;0,0
HRAD;UNIDADE DE DECISAO CLINICA;2025;3;0;112;0,0
HRAD;UNIDADE INTERNAÇÃO - CLINICA CIRURGICA;2025;3;3;115;0,02608695652173913
HRAD;UNIDADE INTERNAÇÃO - CLINICA MÉDICA;2025;3;7;89;0,07865168539325842
HRAD;UNIDADE INTERNAÇÃO - CLINICA ORTOPÉDICA;2025;3;1;132;0,007575757575757576
HRAD;UNIDADE INTERNAÇÃO - CLINICA PEDIÁTRICA;2025;3;4;49;0,08163265306122448
HRAD;UTI - ADULTO;2025;3;0;8;0,0
HRAD;ALOJAMENTO CONJUNTO;2025;4;0;164;0,0
HRAD;UNIDADE DE DECISAO CLINICA;2025;4;0;98;0,0
HRAD;UNIDADE INTERNAÇÃO - CLINICA CIRURGICA;2025;4;2;128;0,015625
HRAD;UNIDADE INTERNAÇÃO - CLINICA MÉDICA;2025;4;6;93;0,06451612903225806
HRAD;UNIDADE INTERNAÇÃO - CLINICA ORTOPÉDICA;2025;4;1;118;0,00847457627118644
HRAD;UNIDADE INTERNAÇÃO - CLINICA PEDIÁTRICA;2025;4;2;50;0,04
HRAD;UTI - ADULTO;2025;4;0;13;0,0
HRAD;UTI - NEONATAL;2025;4;1;2;0,5
HRAD;ALOJAMENTO CONJUNTO;2025;5;0;154;0,0
HRAD;BLOCO OBSTÉTRICO;2025;5;0;1;0,0
HRAD;UNIDADE DE DECISAO CLINICA;2025;5;1;111;0,009009009009009009
HRAD;UNIDADE INTERNAÇÃO - CLINICA CIRURGICA;2025;5;3;110;0,02727272727272727
HRAD;UNIDADE INTERNAÇÃO - CLINICA MÉDICA;2025;5;4;109;0,03669724770642202
HRAD;UNIDADE INTERNAÇÃO - CLINICA ORTOPÉDICA;2025;5;0;89;0,0
HRAD;UNIDADE INTERNAÇÃO - CLINICA PEDIÁTRICA;2025;5;5;55;0,09090909090909091
HRAD;UTI - ADULTO;2025;5;0;9;0,0
HRAD;UTI - NEONATAL;2025;5;0;1;0,0
HRAD;ALOJAMENTO CONJUNTO;2025;6;0;152;0,0
HRAD;BLOCO OBSTÉTRICO;2025;6;0;3;0,0
HRAD;UNIDADE DE DECISAO CLINICA;2025;6;0;142;0,0
HRAD;UNIDADE INTERNAÇÃO - CLINICA CIRURGICA;2025;6;4;97;0,041237113402061855
HRAD;UNIDADE INTERNAÇÃO - CLINICA MÉDICA;2025;6;6;84;0,07142857142857142
HRAD;UNIDADE INTERNAÇÃO - CLINICA ORTOPÉDICA;2025;6;2;113;0,017699115044247787
HRAD;UNIDADE INTERNAÇÃO - CLINICA PEDIÁTRICA;2025;6;1;46;0,021739130434782608
HRAD;UTI - ADULTO;2025;6;1;13;0,07692307692307693
HRAD;UTI - NEONATAL;2025;6;1;3;0,3333333333333333
HRAD;ALOJAMENTO CONJUNTO;2025;7;0;161;0,0
HRAD;BLOCO OBSTÉTRICO;2025;7;0;3;0,0
HRAD;UNIDADE DE DECISAO CLINICA;2025;7;0;123;0,0
HRAD;UNIDADE INTERNAÇÃO - CLINICA CIRURGICA;2025;7;3;125;0,024
HRAD;UNIDADE INTERNAÇÃO - CLINICA MÉDICA;2025;7;7;81;0,08641975308641975
HRAD;UNIDADE INTERNAÇÃO - CLINICA ORTOPÉDICA;2025;7;0;109;0,0
HRAD;UNIDADE INTERNAÇÃO - CLINICA PEDIÁTRICA;2025;7;1;54;0,018518518518518517
HRAD;UTI - ADULTO;2025;7;0;10;0,0
HRAD;UTI - NEONATAL;2025;7;1;5;0,2
HRAD;ALOJAMENTO CONJUNTO;2025;8;0;143;0,0
HRAD;BLOCO OBSTÉTRICO;2025;8;0;1;0,0
HRAD;UNIDADE DE DECISAO CLINICA;2025;8;1;127;0,007874015748031496
HRAD;UNIDADE INTERNAÇÃO - CLINICA CIRURGICA;2025;8;2;103;0,019417475728155338
HRAD;UNIDADE INTERNAÇÃO - CLINICA MÉDICA;2025;8;6;87;0,06896551724137931
HRAD;UNIDADE INTERNAÇÃO - CLINICA ORTOPÉDICA;2025;8;0;97;0,0
HRAD;UNIDADE INTERNAÇÃO - CLINICA PEDIÁTRICA;2025;8;3;50;0,06
HRAD;UTI - ADULTO;2025;8;0;6;0,0
HRAD;UTI - NEONATAL;2025;8;0;1;0,0
HRAD;ALOJAMENTO CONJUNTO;2025;9;0;179;0,0
HRAD;UNIDADE DE DECISAO CLINICA;2025;9;0;119;0,0
HRAD;UNIDADE INTERNAÇÃO - CLINICA CIRURGICA;2025;9;2;113;0,017699115044247787
HRAD;UNIDADE INTERNAÇÃO - CLINICA MÉDICA;2025;9;7;106;0,0660377358490566
HRAD;UNIDADE INTERNAÇÃO - CLINICA ORTOPÉDICA;2025;9;4;139;0,02877697841726619
HRAD;UNIDADE INTERNAÇÃO - CLINICA PEDIÁTRICA;2025;9;2;51;0,0392156862745098
HRAD;UTI - ADULTO;2025;9;0;11;0,0
HRAD;UTI - NEONATAL;2025;9;0;2;0,0
HRAD;ALOJAMENTO CONJUNTO;2025;10;0;152;0,0
HRAD;UNIDADE DE DECISAO CLINICA;2025;10;0;134;0,0
HRAD;UNIDADE INTERNAÇÃO - CLINICA CIRURGICA;2025;10;2;127;0,015748031496062992
HRAD;UNIDADE INTERNAÇÃO - CLINICA MÉDICA;2025;10;4;115;0,034782608695652174
HRAD;UNIDADE INTERNAÇÃO - CLINICA ORTOPÉDICA;2025;10;0;95;0,0
HRAD;UNIDADE INTERNAÇÃO - CLINICA PEDIÁTRICA;2025;10;4;49;0,08163265306122448
HRAD;UTI - ADULTO;2025;10;0;11;0,0
HRAD;ALOJAMENTO CONJUNTO;2025;11;0;154;0,0
HRAD;BLOCO OBSTÉTRICO;2025;11;0;1;0,0
HRAD;UNIDADE DE DECISAO CLINICA;2025;11;1;114;0,008771929824561403
HRAD;UNIDADE INTERNAÇÃO - CLINICA CIRURGICA;2025;11;1;123;0,008130081300813009
HRAD;UNIDADE INTERNAÇÃO - CLINICA MÉDICA;2025;11;3;108;0,027777777777777776
HRAD;UNIDADE INTERNAÇÃO - CLINICA ORTOPÉDICA;2025;11;1;125;0,008
HRAD;UNIDADE INTERNAÇÃO - CLINICA PEDIÁTRICA;2025;11;1;53;0,018867924528301886
HRAD;UTI - ADULTO;2025;11;0;18;0,0
HRAD;UTI - NEONATAL;2025;11;1;3;0,3333333333333333
HRAD;ALOJAMENTO CONJUNTO;2025;12;0;164;0,0
HRAD;UNIDADE DE DECISAO CLINICA;2025;12;1;93;0,010752688172043012
HRAD;UNIDADE INTERNAÇÃO - CLINICA CIRURGICA;2025;12;3;114;0,02631578947368421
HRAD;UNIDADE INTERNAÇÃO - CLINICA MÉDICA;2025;12;2;119;0,01680672268907563
HRAD;UNIDADE INTERNAÇÃO - CLINICA ORTOPÉDICA;2025;12;2;142;0,014084507042253521
HRAD;UNIDADE INTERNAÇÃO - CLINICA PEDIÁTRICA;2025;12;4;46;0,08695652173913043
HRAD;UTI - ADULTO;2025;12;0;8;0,0
HRAD;UTI - NEONATAL;2025;12;0;3;0,0
HRAD;ALOJAMENTO CONJUNTO;2026;1;1;159;0,006289308176100629
HRAD;UNIDADE DE DECISAO CLINICA;2026;1;0;125;0,0
HRAD;UNIDADE INTERNAÇÃO - CLINICA CIRURGICA;2026;1;4;119;0,03361344537815126
HRAD;UNIDADE INTERNAÇÃO - CLINICA MÉDICA;2026;1;6;112;0,05357142857142857
HRAD;UNIDADE INTERNAÇÃO - CLINICA ORTOPÉDICA;2026;1;1;145;0,006896551724137931
HRAD;UNIDADE INTERNAÇÃO - CLINICA PEDIÁTRICA;2026;1;2;51;0,0392156862745098
HRAD;UTI - ADULTO;2026;1;1;12;0,08333333333333333
HRAD;UTI - NEONATAL;2026;1;0;1;0,0
HRAD;ALOJAMENTO CONJUNTO;2026;2;0;159;0,0
HRAD;UNIDADE DE DECISAO CLINICA;2026;2;0;81;0,0
HRAD;UNIDADE INTERNAÇÃO - CLINICA CIRURGICA;2026;2;1;110;0,00909090909090909
HRAD;UNIDADE INTERNAÇÃO - CLINICA MÉDICA;2026;2;4;89;0,0449438202247191
HRAD;UNIDADE INTERNAÇÃO - CLINICA ORTOPÉDICA;2026;2;0;108;0,0
HRAD;UNIDADE INTERNAÇÃO - CLINICA PEDIÁTRICA;2026;2;4;54;0,07407407407407407
HRAD;UTI - ADULTO;2026;2;0;7;0,0
HRAD;UTI - NEONATAL;2026;2;0;4;0,0
HRAD;ALOJAMENTO CONJUNTO;2026;3;0;169;0,0
HRAD;BLOCO OBSTÉTRICO;2026;3;0;1;0,0
HRAD;UNIDADE DE DECISAO CLINICA;2026;3;0;116;0,0
HRAD;UNIDADE INTERNAÇÃO - CLINICA CIRURGICA;2026;3;2;114;0,017543859649122806
HRAD;UNIDADE INTERNAÇÃO - CLINICA MÉDICA;2026;3;4;94;0,0425531914893617
HRAD;UNIDADE INTERNAÇÃO - CLINICA ORTOPÉDICA;2026;3;3;141;0,02127659574468085
HRAD;UNIDADE INTERNAÇÃO - CLINICA PEDIÁTRICA;2026;3;1;54;0,018518518518518517
HRAD;UTI - ADULTO;2026;3;2;10;0,2
HRAD;UTI - NEONATAL;2026;3;0;3;0,0
HRAD;ALOJAMENTO CONJUNTO;2026;4;0;159;0,0
HRAD;BLOCO OBSTÉTRICO;2026;4;0;3;0,0
HRAD;UNIDADE DE DECISAO CLINICA;2026;4;0;110;0,0
HRAD;UNIDADE INTERNAÇÃO - CLINICA CIRURGICA;2026;4;2;130;0,015384615384615385
HRAD;UNIDADE INTERNAÇÃO - CLINICA MÉDICA;2026;4;6;96;0,0625
HRAD;UNIDADE INTERNAÇÃO - CLINICA ORTOPÉDICA;2026;4;1;124;0,008064516129032258
HRAD;UNIDADE INTERNAÇÃO - CLINICA PEDIÁTRICA;2026;4;1;47;0,02127659574468085
HRAD;UTI - ADULTO;2026;4;1;13;0,07692307692307693
HRAD;UTI - NEONATAL;2026;4;1;3;0,3333333333333333
HRAD;ALOJAMENTO CONJUNTO;2026;5;0;192;0,0
HRAD;BLOCO OBSTÉTRICO;2026;5;0;1;0,0
HRAD;UNIDADE DE DECISAO CLINICA;2026;5;0;157;0,0
HRAD;UNIDADE INTERNAÇÃO - CLINICA CIRURGICA;2026;5;1;113;0,008849557522123894
HRAD;UNIDADE INTERNAÇÃO - CLINICA MÉDICA;2026;5;3;85;0,03529411764705882
HRAD;UNIDADE INTERNAÇÃO - CLINICA ORTOPÉDICA;2026;5;1;65;0,015384615384615385
HRAD;UNIDADE INTERNAÇÃO - CLINICA PEDIÁTRICA;2026;5;4;59;0,06779661016949153
HRAD;UTI - ADULTO;2026;5;0;10;0,0
HRAD;UTI - NEONATAL;2026;5;0;3;0,0
HRBJA;UNIDADE INTERNAÇÃO - CLINICA CIRURGICA;2023;1;2;63;0,031746031746031744
HRBJA;UNIDADE INTERNAÇÃO - CLINICA MÉDICA;2023;1;4;121;0,03305785123966942
HRBJA;UTI - ADULTO;2023;1;3;8;0,375
HRBJA;UNIDADE INTERNAÇÃO - CLINICA CIRURGICA;2023;2;3;49;0,061224489795918366
HRBJA;UNIDADE INTERNAÇÃO - CLINICA MÉDICA;2023;2;7;107;0,06542056074766354
HRBJA;UTI - ADULTO;2023;2;2;8;0,25
HRBJA;UNIDADE INTERNAÇÃO - CLINICA CIRURGICA;2023;3;5;58;0,08620689655172414
HRBJA;UNIDADE INTERNAÇÃO - CLINICA MÉDICA;2023;3;9;118;0,07627118644067797
HRBJA;UTI - ADULTO;2023;3;0;9;0,0
HRBJA;UNIDADE INTERNAÇÃO - CLINICA CIRURGICA;2023;4;9;65;0,13846153846153847
HRBJA;UNIDADE INTERNAÇÃO - CLINICA MÉDICA;2023;4;12;135;0,08888888888888889
HRBJA;UTI - ADULTO;2023;4;1;3;0,3333333333333333
HRBJA;UNIDADE INTERNAÇÃO - CLINICA CIRURGICA;2023;5;1;46;0,021739130434782608
HRBJA;UNIDADE INTERNAÇÃO - CLINICA MÉDICA;2023;5;12;136;0,08823529411764706
HRBJA;UTI - ADULTO;2023;5;0;4;0,0
HRBJA;UNIDADE INTERNAÇÃO - CLINICA CIRURGICA;2023;6;7;64;0,109375
HRBJA;UNIDADE INTERNAÇÃO - CLINICA MÉDICA;2023;6;12;136;0,08823529411764706
HRBJA;UTI - ADULTO;2023;6;5;12;0,4166666666666667
HRBJA;UNIDADE INTERNAÇÃO - CLINICA CIRURGICA;2023;7;3;56;0,05357142857142857
HRBJA;UNIDADE INTERNAÇÃO - CLINICA MÉDICA;2023;7;5;129;0,03875968992248062
HRBJA;UTI - ADULTO;2023;7;2;6;0,3333333333333333
HRBJA;UNIDADE INTERNAÇÃO - CLINICA CIRURGICA;2023;8;6;64;0,09375
HRBJA;UNIDADE INTERNAÇÃO - CLINICA MÉDICA;2023;8;13;140;0,09285714285714286
HRBJA;UTI - ADULTO;2023;8;1;7;0,14285714285714285
HRBJA;UNIDADE INTERNAÇÃO - CLINICA CIRURGICA;2023;9;3;68;0,04411764705882353
HRBJA;UNIDADE INTERNAÇÃO - CLINICA MÉDICA;2023;9;8;129;0,06201550387596899
HRBJA;UTI - ADULTO;2023;9;3;6;0,5
HRBJA;UNIDADE INTERNAÇÃO - CLINICA CIRURGICA;2023;10;5;54;0,09259259259259259
HRBJA;UNIDADE INTERNAÇÃO - CLINICA MÉDICA;2023;10;8;121;0,06611570247933884
HRBJA;UTI - ADULTO;2023;10;2;6;0,3333333333333333
HRBJA;UNIDADE INTERNAÇÃO - CLINICA CIRURGICA;2023;11;5;89;0,056179775280898875
HRBJA;UNIDADE INTERNAÇÃO - CLINICA MÉDICA;2023;11;16;136;0,11764705882352941
HRBJA;UTI - ADULTO;2023;11;1;9;0,1111111111111111
HRBJA;UNIDADE INTERNAÇÃO - CLINICA CIRURGICA;2023;12;3;81;0,037037037037037035
HRBJA;UNIDADE INTERNAÇÃO - CLINICA MÉDICA;2023;12;6;141;0,0425531914893617
HRBJA;UTI - ADULTO;2023;12;3;9;0,3333333333333333
HRBJA;UNIDADE INTERNAÇÃO - CLINICA CIRURGICA;2024;1;2;74;0,02702702702702703
HRBJA;UNIDADE INTERNAÇÃO - CLINICA MÉDICA;2024;1;6;169;0,03550295857988166
HRBJA;UTI - ADULTO;2024;1;4;9;0,4444444444444444
HRBJA;UNIDADE INTERNAÇÃO - CLINICA CIRURGICA;2024;2;3;52;0,057692307692307696
HRBJA;UNIDADE INTERNAÇÃO - CLINICA MÉDICA;2024;2;8;151;0,052980132450331126
HRBJA;UTI - ADULTO;2024;2;2;6;0,3333333333333333
HRBJA;UNIDADE INTERNAÇÃO - CLINICA CIRURGICA;2024;3;1;65;0,015384615384615385
HRBJA;UNIDADE INTERNAÇÃO - CLINICA MÉDICA;2024;3;9;144;0,0625
HRBJA;UTI - ADULTO;2024;3;1;5;0,2
HRBJA;UNIDADE INTERNAÇÃO - CLINICA CIRURGICA;2024;4;4;62;0,06451612903225806
HRBJA;UNIDADE INTERNAÇÃO - CLINICA MÉDICA;2024;4;10;142;0,07042253521126761
HRBJA;UTI - ADULTO;2024;4;2;8;0,25
HRBJA;UNIDADE INTERNAÇÃO - CLINICA CIRURGICA;2024;5;0;97;0,0
HRBJA;UNIDADE INTERNAÇÃO - CLINICA MÉDICA;2024;5;13;121;0,10743801652892562
HRBJA;UTI - ADULTO;2024;5;2;6;0,3333333333333333
HRBJA;CLINICA CIRURGICA/HRB/CHB;2024;6;1;20;0,05
HRBJA;CLINICA MEDICA/HRB/CHB;2024;6;5;10;0,5
HRBJA;TRAUMATO-ORTOPEDIA CIRURGICA/CHPB/CHB;2024;6;1;3;0,3333333333333333
HRBJA;UNIDADE INTERNAÇÃO - CLINICA CIRURGICA;2024;6;0;63;0,0
HRBJA;UNIDADE INTERNAÇÃO - CLINICA MÉDICA;2024;6;10;84;0,11904761904761904
HRBJA;UTI - ADULTO;2024;6;0;8;0,0
HRBJA;UTI ADULTO/HRB/CHB;2024;6;0;2;0,0
HRBJA;UUE/INTERNAÇÃO/HRB/CHB;2024;6;0;9;0,0
HRBJA;CLINICA CIRURGICA/HRB/CHB;2024;7;3;80;0,0375
HRBJA;CLINICA MEDICA/HRB/CHB;2024;7;9;75;0,12
HRBJA;TRAUMATO-ORTOPEDIA CIRURGICA/CHPB/CHB;2024;7;2;9;0,2222222222222222
HRBJA;UTI ADULTO/HRB/CHB;2024;7;4;15;0,26666666666666666
HRBJA;UUE/INTERNAÇÃO/HRB/CHB;2024;7;0;128;0,0
HRBJA;CLINICA CIRURGICA/HRB/CHB;2024;8;2;100;0,02
HRBJA;CLINICA MEDICA/HRB/CHB;2024;8;10;80;0,125
HRBJA;TRAUMATO-ORTOPEDIA CIRURGICA/CHPB/CHB;2024;8;2;10;0,2
HRBJA;UTI ADULTO/HRB/CHB;2024;8;1;13;0,07692307692307693
HRBJA;UUE/INTERNAÇÃO/HRB/CHB;2024;8;1;176;0,005681818181818182
HRBJA;CLINICA CIRURGICA/HRB/CHB;2024;9;1;81;0,012345679012345678
HRBJA;CLINICA MEDICA/HRB/CHB;2024;9;6;83;0,07228915662650602
HRBJA;TRAUMATO-ORTOPEDIA CIRURGICA/CHPB/CHB;2024;9;1;9;0,1111111111111111
HRBJA;UTI ADULTO/HRB/CHB;2024;9;0;9;0,0
HRBJA;UUE/INTERNAÇÃO/HRB/CHB;2024;9;0;171;0,0
HRBJA;CLINICA CIRURGICA/HRB/CHB;2024;10;4;101;0,039603960396039604
HRBJA;CLINICA MEDICA/HRB/CHB;2024;10;6;57;0,10526315789473684
HRBJA;TRAUMATO-ORTOPEDIA CIRURGICA/CHPB/CHB;2024;10;1;9;0,1111111111111111
HRBJA;UTI ADULTO/HRB/CHB;2024;10;1;14;0,07142857142857142
HRBJA;UUE/INTERNAÇÃO/HRB/CHB;2024;10;1;63;0,015873015873015872
HRBJA;CLINICA CIRURGICA/HRB/CHB;2024;11;3;101;0,0297029702970297
HRBJA;CLINICA MEDICA/HRB/CHB;2024;11;6;94;0,06382978723404255
HRBJA;TRAUMATO-ORTOPEDIA CIRURGICA/CHPB/CHB;2024;11;2;13;0,15384615384615385
HRBJA;UTI ADULTO/HRB/CHB;2024;11;2;11;0,18181818181818182
HRBJA;UUE/INTERNAÇÃO/HRB/CHB;2024;11;1;12;0,08333333333333333
HRBJA;CLINICA CIRURGICA/HRB/CHB;2024;12;2;119;0,01680672268907563
HRBJA;CLINICA MEDICA/HRB/CHB;2024;12;7;114;0,06140350877192982
HRBJA;TRAUMATO-ORTOPEDIA CIRURGICA/CHPB/CHB;2024;12;5;13;0,38461538461538464
HRBJA;UTI ADULTO/HRB/CHB;2024;12;0;15;0,0
HRBJA;UUE/INTERNAÇÃO/HRB/CHB;2024;12;0;12;0,0
HRBJA;CLINICA CIRURGICA/HRB/CHB;2025;1;0;114;0,0
HRBJA;CLINICA MEDICA/HRB/CHB;2025;1;4;111;0,036036036036036036
HRBJA;TRAUMATO-ORTOPEDIA CIRURGICA/CHPB/CHB;2025;1;1;15;0,06666666666666667
HRBJA;UTI ADULTO/HRB/CHB;2025;1;2;26;0,07692307692307693
HRBJA;UUE/INTERNAÇÃO/HRB/CHB;2025;1;0;22;0,0
HRBJA;CLINICA CIRURGICA/HRB/CHB;2025;2;0;93;0,0
HRBJA;CLINICA MEDICA/HRB/CHB;2025;2;5;88;0,056818181818181816
HRBJA;TRAUMATO-ORTOPEDIA CIRURGICA/CHPB/CHB;2025;2;2;7;0,2857142857142857
HRBJA;UTI ADULTO/HRB/CHB;2025;2;1;16;0,0625
HRBJA;UUE/INTERNAÇÃO/HRB/CHB;2025;2;0;37;0,0
HRBJA;CLINICA CIRURGICA/HRB/CHB;2025;3;2;93;0,021505376344086023
HRBJA;CLINICA MEDICA/HRB/CHB;2025;3;3;99;0,030303030303030304
HRBJA;TRAUMATO-ORTOPEDIA CIRURGICA/CHPB/CHB;2025;3;0;11;0,0
HRBJA;UTI ADULTO/HRB/CHB;2025;3;4;26;0,15384615384615385
HRBJA;UUE/INTERNAÇÃO/HRB/CHB;2025;3;0;42;0,0
HRBJA;CLINICA CIRURGICA/HRB/CHB;2025;4;1;107;0,009345794392523364
HRBJA;CLINICA MEDICA/HRB/CHB;2025;4;7;103;0,06796116504854369
HRBJA;TRAUMATO-ORTOPEDIA CIRURGICA/CHPB/CHB;2025;4;2;3;0,6666666666666666
HRBJA;UTI ADULTO/HRB/CHB;2025;4;2;15;0,13333333333333333
HRBJA;UUE/INTERNAÇÃO/HRB/CHB;2025;4;0;39;0,0
HRBJA;CLINICA CIRURGICA/HRB/CHB;2025;5;1;115;0,008695652173913044
HRBJA;CLINICA MEDICA/HRB/CHB;2025;5;8;106;0,07547169811320754
HRBJA;TRAUMATO-ORTOPEDIA CIRURGICA/CHPB/CHB;2025;5;3;9;0,3333333333333333
HRBJA;UTI ADULTO/HRB/CHB;2025;5;1;27;0,037037037037037035
HRBJA;UUE/INTERNAÇÃO/HRB/CHB;2025;5;0;27;0,0
HRBJA;CLINICA CIRURGICA/HRB/CHB;2025;6;3;104;0,028846153846153848
HRBJA;CLINICA MEDICA/HRB/CHB;2025;6;6;110;0,05454545454545454
HRBJA;TRAUMATO-ORTOPEDIA CIRURGICA/CHPB/CHB;2025;6;1;9;0,1111111111111111
HRBJA;UTI ADULTO/HRB/CHB;2025;6;1;25;0,04
HRBJA;UUE/INTERNAÇÃO/HRB/CHB;2025;6;0;24;0,0
HRBJA;CLINICA CIRURGICA/HRB/CHB;2025;7;3;108;0,027777777777777776
HRBJA;CLINICA MEDICA/HRB/CHB;2025;7;2;111;0,018018018018018018
HRBJA;TRAUMATO-ORTOPEDIA CIRURGICA/CHPB/CHB;2025;7;3;10;0,3
HRBJA;UTI ADULTO/HRB/CHB;2025;7;1;22;0,045454545454545456
HRBJA;UUE/INTERNAÇÃO/HRB/CHB;2025;7;0;41;0,0
HRBJA;CLINICA CIRURGICA/HRB/CHB;2025;8;0;117;0,0
HRBJA;CLINICA MEDICA/HRB/CHB;2025;8;3;88;0,03409090909090909
HRBJA;TRAUMATO-ORTOPEDIA CIRURGICA/CHPB/CHB;2025;8;3;17;0,17647058823529413
HRBJA;UTI ADULTO/HRB/CHB;2025;8;3;23;0,13043478260869565
HRBJA;UUE/INTERNAÇÃO/HRB/CHB;2025;8;0;30;0,0
HRBJA;CLINICA CIRURGICA/HRB/CHB;2025;9;5;96;0,052083333333333336
HRBJA;CLINICA MEDICA/HRB/CHB;2025;9;7;81;0,08641975308641975
HRBJA;TRAUMATO-ORTOPEDIA CIRURGICA/CHPB/CHB;2025;9;2;10;0,2
HRBJA;UTI ADULTO/HRB/CHB;2025;9;2;18;0,1111111111111111
HRBJA;UUE/INTERNAÇÃO/HRB/CHB;2025;9;0;42;0,0
HRBJA;CLINICA CIRURGICA/HRB/CHB;2025;10;1;91;0,01098901098901099
HRBJA;CLINICA MEDICA/HRB/CHB;2025;10;11;84;0,13095238095238096
HRBJA;TRAUMATO-ORTOPEDIA CIRURGICA/CHPB/CHB;2025;10;1;4;0,25
HRBJA;UTI ADULTO/HRB/CHB;2025;10;3;22;0,13636363636363635
HRBJA;UUE/INTERNAÇÃO/HRB/CHB;2025;10;0;42;0,0
HRBJA;CLINICA CIRURGICA/HRB/CHB;2025;11;4;91;0,04395604395604396
HRBJA;CLINICA MEDICA/HRB/CHB;2025;11;11;93;0,11827956989247312
HRBJA;TRAUMATO-ORTOPEDIA CIRURGICA/CHPB/CHB;2025;11;0;5;0,0
HRBJA;UTI ADULTO/HRB/CHB;2025;11;2;17;0,11764705882352941
HRBJA;UUE/INTERNAÇÃO/HRB/CHB;2025;11;0;41;0,0
HRBJA;CLINICA CIRURGICA/HRB/CHB;2025;12;3;113;0,02654867256637168
HRBJA;CLINICA MEDICA/HRB/CHB;2025;12;6;79;0,0759493670886076
HRBJA;TRAUMATO-ORTOPEDIA CIRURGICA/CHPB/CHB;2025;12;1;9;0,1111111111111111
HRBJA;UTI ADULTO/HRB/CHB;2025;12;5;20;0,25
HRBJA;UUE/INTERNAÇÃO/HRB/CHB;2025;12;0;39;0,0
HRBJA;CLINICA CIRURGICA/HRB/CHB;2026;1;4;117;0,03418803418803419
HRBJA;CLINICA MEDICA/HRB/CHB;2026;1;10;86;0,11627906976744186
HRBJA;TRAUMATO-ORTOPEDIA CIRURGICA/CHPB/CHB;2026;1;1;8;0,125
HRBJA;UTI ADULTO/HRB/CHB;2026;1;1;19;0,05263157894736842
HRBJA;UUE/INTERNAÇÃO/HRB/CHB;2026;1;0;49;0,0
HRBJA;CLINICA CIRURGICA/HRB/CHB;2026;2;2;137;0,014598540145985401
HRBJA;CLINICA MEDICA/HRB/CHB;2026;2;6;92;0,06521739130434782
HRBJA;TRAUMATO-ORTOPEDIA CIRURGICA/CHPB/CHB;2026;2;0;9;0,0
HRBJA;UCR-CIRURGICA/HRB/CHB;2026;2;0;1;0,0
HRBJA;UTI ADULTO/HRB/CHB;2026;2;4;22;0,18181818181818182
HRBJA;UUE/INTERNAÇÃO/HRB/CHB;2026;2;0;47;0,0
HRBJA;BOARDING/HRB/CHB;2026;3;0;3;0,0
HRBJA;CLINICA CIRURGICA/HRB/CHB;2026;3;5;180;0,027777777777777776
HRBJA;CLINICA MEDICA/HRB/CHB;2026;3;3;60;0,05
HRBJA;TRAUMATO-ORTOPEDIA CIRURGICA/CHPB/CHB;2026;3;0;30;0,0
HRBJA;UAVC-AGUDO/HRB/CHB;2026;3;0;9;0,0
HRBJA;UCR-CIRURGICA/HRB/CHB;2026;3;0;25;0,0
HRBJA;UTI ADULTO/HRB/CHB;2026;3;3;22;0,13636363636363635
HRBJA;UUE/INTERNAÇÃO/HRB/CHB;2026;3;0;5;0,0
HRBJA;BOARDING/HRB/CHB;2026;4;0;1;0,0
HRBJA;CLINICA CIRURGICA/HRB/CHB;2026;4;4;158;0,02531645569620253
HRBJA;CLINICA MEDICA/HRB/CHB;2026;4;8;40;0,2
HRBJA;TRAUMATO-ORTOPEDIA CIRURGICA/CHPB/CHB;2026;4;1;19;0,05263157894736842
HRBJA;UAVC-AGUDO/HRB/CHB;2026;4;0;12;0,0
HRBJA;UCR-CIRURGICA/HRB/CHB;2026;4;0;28;0,0
HRBJA;UTI ADULTO/HRB/CHB;2026;4;1;24;0,041666666666666664
HRBJA;BOARDING/HRB/CHB;2026;5;0;4;0,0
HRBJA;CLINICA CIRURGICA/HRB/CHB;2026;5;3;166;0,018072289156626505
HRBJA;CLINICA MEDICA/HRB/CHB;2026;5;6;39;0,15384615384615385
HRBJA;TRAUMATO-ORTOPEDIA CIRURGICA/CHPB/CHB;2026;5;3;21;0,14285714285714285
HRBJA;UAVC-AGUDO/HRB/CHB;2026;5;0;13;0,0
HRBJA;UCR-CIRURGICA/HRB/CHB;2026;5;1;30;0,03333333333333333
HRBJA;UTI ADULTO/HRB/CHB;2026;5;3;24;0,125
HRJP;ALOJAMENTO CONJUNTO;2023;1;0;128;0,0
HRJP;BLOCO CIRURGICO;2023;1;0;9;0,0
HRJP;BLOCO OBSTÉTRICO;2023;1;0;1;0,0
HRJP;UNIDADE INTERNAÇÃO - CLINICA CIRURGICA ALA A;2023;1;0;30;0,0
HRJP;UNIDADE INTERNAÇÃO - CLINICA CIRURGICA ALA B;2023;1;1;31;0,03225806451612903
HRJP;UNIDADE INTERNAÇÃO - CLINICA MÉDICA ALA A;2023;1;1;5;0,2
HRJP;UNIDADE INTERNAÇÃO - CLINICA MÉDICA ALA B;2023;1;2;4;0,5
HRJP;UNIDADE INTERNAÇÃO - CLINICA MÉDICA ALA C;2023;1;3;21;0,14285714285714285
HRJP;UNIDADE INTERNAÇÃO - CLINICA PEDIÁTRICA;2023;1;8;66;0,12121212121212122
HRJP;UNIDADE INTERNAÇÃO - CLINICA TISIOLÓGICA ALA B;2023;1;1;3;0,3333333333333333
HRJP;UNIDADE INTERNAÇÃO - CLINICA TISIOLÓGICA ALA C;2023;1;1;3;0,3333333333333333
HRJP;UNIDADE INTERNAÇÃO - PSIQUIATRIA ALA A;2023;1;1;11;0,09090909090909091
HRJP;UNIDADE INTERNAÇÃO - PSIQUIATRIA ALA C;2023;1;1;5;0,2
HRJP;UTI -  PEDIATRICO;2023;1;0;2;0,0
HRJP;UTI - ADULTO;2023;1;3;6;0,5
HRJP;UTI - NEONATAL;2023;1;0;3;0,0
HRJP;ALOJAMENTO CONJUNTO;2023;2;0;123;0,0
HRJP;BLOCO CIRURGICO;2023;2;0;11;0,0
HRJP;BLOCO OBSTÉTRICO;2023;2;0;2;0,0
HRJP;UNIDADE INTERNAÇÃO - CLINICA CIRURGICA ALA A;2023;2;0;26;0,0
HRJP;UNIDADE INTERNAÇÃO - CLINICA CIRURGICA ALA B;2023;2;1;22;0,045454545454545456
HRJP;UNIDADE INTERNAÇÃO - CLINICA MÉDICA ALA A;2023;2;4;9;0,4444444444444444
HRJP;UNIDADE INTERNAÇÃO - CLINICA MÉDICA ALA B;2023;2;1;22;0,045454545454545456
HRJP;UNIDADE INTERNAÇÃO - CLINICA MÉDICA ALA C;2023;2;6;29;0,20689655172413793
HRJP;UNIDADE INTERNAÇÃO - CLINICA PEDIÁTRICA;2023;2;10;65;0,15384615384615385
HRJP;UNIDADE INTERNAÇÃO - CLINICA TISIOLÓGICA ALA B;2023;2;2;5;0,4
HRJP;UNIDADE INTERNAÇÃO - CLINICA TISIOLÓGICA ALA C;2023;2;2;4;0,5
HRJP;UNIDADE INTERNAÇÃO - PSIQUIATRIA ALA A;2023;2;1;14;0,07142857142857142
HRJP;UNIDADE INTERNAÇÃO - PSIQUIATRIA ALA C;2023;2;1;5;0,2
HRJP;UTI -  PEDIATRICO;2023;2;1;1;1,0
HRJP;UTI - ADULTO;2023;2;2;12;0,16666666666666666
HRJP;UTI - NEONATAL;2023;2;0;3;0,0
HRJP;ALOJAMENTO CONJUNTO;2023;3;0;126;0,0
HRJP;BLOCO CIRURGICO;2023;3;0;18;0,0
HRJP;UNIDADE INTERNAÇÃO - CLINICA CIRURGICA ALA A;2023;3;4;37;0,10810810810810811
HRJP;UNIDADE INTERNAÇÃO - CLINICA CIRURGICA ALA B;2023;3;2;8;0,25
HRJP;UNIDADE INTERNAÇÃO - CLINICA MÉDICA ALA A;2023;3;1;17;0,058823529411764705
HRJP;UNIDADE INTERNAÇÃO - CLINICA MÉDICA ALA B;2023;3;1;26;0,038461538461538464
HRJP;UNIDADE INTERNAÇÃO - CLINICA MÉDICA ALA C;2023;3;5;55;0,09090909090909091
HRJP;UNIDADE INTERNAÇÃO - CLINICA PEDIÁTRICA;2023;3;8;95;0,08421052631578947
HRJP;UNIDADE INTERNAÇÃO - CLINICA TISIOLÓGICA ALA B;2023;3;1;2;0,5
HRJP;UNIDADE INTERNAÇÃO - CLINICA TISIOLÓGICA ALA C;2023;3;1;8;0,125
HRJP;UNIDADE INTERNAÇÃO - PSIQUIATRIA ALA A;2023;3;3;18;0,16666666666666666
HRJP;UNIDADE INTERNAÇÃO - PSIQUIATRIA ALA C;2023;3;2;16;0,125
HRJP;UTI -  PEDIATRICO;2023;3;0;1;0,0
HRJP;UTI - ADULTO;2023;3;1;18;0,05555555555555555
HRJP;UTI - NEONATAL;2023;3;0;2;0,0
HRJP;ALOJAMENTO CONJUNTO;2023;4;0;140;0,0
HRJP;BLOCO CIRURGICO;2023;4;0;10;0,0
HRJP;BLOCO OBSTÉTRICO;2023;4;0;2;0,0
HRJP;UNIDADE INTERNAÇÃO - CLINICA CIRURGICA ALA A;2023;4;1;35;0,02857142857142857
HRJP;UNIDADE INTERNAÇÃO - CLINICA CIRURGICA ALA B;2023;4;1;20;0,05
HRJP;UNIDADE INTERNAÇÃO - CLINICA MÉDICA ALA A;2023;4;1;17;0,058823529411764705
HRJP;UNIDADE INTERNAÇÃO - CLINICA MÉDICA ALA B;2023;4;2;19;0,10526315789473684
HRJP;UNIDADE INTERNAÇÃO - CLINICA MÉDICA ALA C;2023;4;4;34;0,11764705882352941
HRJP;UNIDADE INTERNAÇÃO - CLINICA PEDIÁTRICA;2023;4;10;88;0,11363636363636363
HRJP;UNIDADE INTERNAÇÃO - CLINICA TISIOLÓGICA ALA B;2023;4;0;1;0,0
HRJP;UNIDADE INTERNAÇÃO - CLINICA TISIOLÓGICA ALA C;2023;4;1;2;0,5
HRJP;UNIDADE INTERNAÇÃO - PSIQUIATRIA ALA A;2023;4;2;10;0,2
HRJP;UNIDADE INTERNAÇÃO - PSIQUIATRIA ALA C;2023;4;2;3;0,6666666666666666
HRJP;UTI -  PEDIATRICO;2023;4;1;1;1,0
HRJP;UTI - ADULTO;2023;4;4;18;0,2222222222222222
HRJP;UTI - NEONATAL;2023;4;0;1;0,0
HRJP;ALOJAMENTO CONJUNTO;2023;5;0;152;0,0
HRJP;BLOCO CIRURGICO;2023;5;0;22;0,0
HRJP;BLOCO OBSTÉTRICO;2023;5;0;1;0,0
HRJP;UNIDADE INTERNAÇÃO - CLINICA CIRURGICA ALA A;2023;5;0;37;0,0
HRJP;UNIDADE INTERNAÇÃO - CLINICA CIRURGICA ALA B;2023;5;3;22;0,13636363636363635
HRJP;UNIDADE INTERNAÇÃO - CLINICA MÉDICA ALA A;2023;5;0;13;0,0
HRJP;UNIDADE INTERNAÇÃO - CLINICA MÉDICA ALA B;2023;5;3;23;0,13043478260869565
HRJP;UNIDADE INTERNAÇÃO - CLINICA MÉDICA ALA C;2023;5;7;39;0,1794871794871795
HRJP;UNIDADE INTERNAÇÃO - CLINICA PEDIÁTRICA;2023;5;4;90;0,044444444444444446
HRJP;UNIDADE INTERNAÇÃO - CLINICA TISIOLÓGICA ALA B;2023;5;0;3;0,0
HRJP;UNIDADE INTERNAÇÃO - CLINICA TISIOLÓGICA ALA C;2023;5;0;3;0,0
HRJP;UNIDADE INTERNAÇÃO - PSIQUIATRIA ALA A;2023;5;3;7;0,42857142857142855
HRJP;UNIDADE INTERNAÇÃO - PSIQUIATRIA ALA C;2023;5;2;7;0,2857142857142857
HRJP;UTI -  PEDIATRICO;2023;5;0;3;0,0
HRJP;UTI - ADULTO;2023;5;4;15;0,26666666666666666
HRJP;UTI - NEONATAL;2023;5;0;1;0,0
HRJP;ALOJAMENTO CONJUNTO;2023;6;0;129;0,0
HRJP;BLOCO CIRURGICO;2023;6;0;15;0,0
HRJP;BLOCO OBSTÉTRICO;2023;6;0;1;0,0
HRJP;UNIDADE INTERNAÇÃO - CLINICA CIRURGICA ALA A;2023;6;1;26;0,038461538461538464
HRJP;UNIDADE INTERNAÇÃO - CLINICA CIRURGICA ALA B;2023;6;4;20;0,2
HRJP;UNIDADE INTERNAÇÃO - CLINICA MÉDICA ALA A;2023;6;1;13;0,07692307692307693
HRJP;UNIDADE INTERNAÇÃO - CLINICA MÉDICA ALA B;2023;6;2;22;0,09090909090909091
HRJP;UNIDADE INTERNAÇÃO - CLINICA MÉDICA ALA C;2023;6;5;58;0,08620689655172414
HRJP;UNIDADE INTERNAÇÃO - CLINICA PEDIÁTRICA;2023;6;8;100;0,08
HRJP;UNIDADE INTERNAÇÃO - CLINICA TISIOLÓGICA ALA B;2023;6;0;1;0,0
HRJP;UNIDADE INTERNAÇÃO - CLINICA TISIOLÓGICA ALA C;2023;6;2;7;0,2857142857142857
HRJP;UNIDADE INTERNAÇÃO - PSIQUIATRIA ALA A;2023;6;3;23;0,13043478260869565
HRJP;UNIDADE INTERNAÇÃO - PSIQUIATRIA ALA C;2023;6;1;5;0,2
HRJP;UTI -  PEDIATRICO;2023;6;0;1;0,0
HRJP;UTI - ADULTO;2023;6;5;19;0,2631578947368421
HRJP;UTI - NEONATAL;2023;6;0;1;0,0
HRJP;ALOJAMENTO CONJUNTO;2023;7;0;139;0,0
HRJP;BLOCO CIRURGICO;2023;7;0;12;0,0
HRJP;UNIDADE INTERNAÇÃO - CLINICA CIRURGICA ALA A;2023;7;3;27;0,1111111111111111
HRJP;UNIDADE INTERNAÇÃO - CLINICA CIRURGICA ALA B;2023;7;1;20;0,05
HRJP;UNIDADE INTERNAÇÃO - CLINICA MÉDICA ALA A;2023;7;1;24;0,041666666666666664
HRJP;UNIDADE INTERNAÇÃO - CLINICA MÉDICA ALA B;2023;7;3;19;0,15789473684210525
HRJP;UNIDADE INTERNAÇÃO - CLINICA MÉDICA ALA C;2023;7;4;36;0,1111111111111111
HRJP;UNIDADE INTERNAÇÃO - CLINICA PEDIÁTRICA;2023;7;7;74;0,0945945945945946
HRJP;UNIDADE INTERNAÇÃO - CLINICA TISIOLÓGICA ALA B;2023;7;0;2;0,0
HRJP;UNIDADE INTERNAÇÃO - CLINICA TISIOLÓGICA ALA C;2023;7;2;3;0,6666666666666666
HRJP;UNIDADE INTERNAÇÃO - PSIQUIATRIA ALA A;2023;7;2;17;0,11764705882352941
HRJP;UNIDADE INTERNAÇÃO - PSIQUIATRIA ALA C;2023;7;2;7;0,2857142857142857
HRJP;UTI -  PEDIATRICO;2023;7;1;4;0,25
HRJP;UTI - ADULTO;2023;7;2;15;0,13333333333333333
HRJP;UTI - NEONATAL;2023;7;0;3;0,0
HRJP;ALOJAMENTO CONJUNTO;2023;8;1;122;0,00819672131147541
HRJP;BLOCO CIRURGICO;2023;8;0;15;0,0
HRJP;BLOCO OBSTÉTRICO;2023;8;0;1;0,0
HRJP;UNIDADE INTERNAÇÃO - CLINICA CIRURGICA ALA A;2023;8;1;36;0,027777777777777776
HRJP;UNIDADE INTERNAÇÃO - CLINICA CIRURGICA ALA B;2023;8;3;15;0,2
HRJP;UNIDADE INTERNAÇÃO - CLINICA MÉDICA ALA A;2023;8;2;18;0,1111111111111111
HRJP;UNIDADE INTERNAÇÃO - CLINICA MÉDICA ALA B;2023;8;1;11;0,09090909090909091
HRJP;UNIDADE INTERNAÇÃO - CLINICA MÉDICA ALA C;2023;8;2;39;0,05128205128205128
HRJP;UNIDADE INTERNAÇÃO - CLINICA PEDIÁTRICA;2023;8;5;77;0,06493506493506493
HRJP;UNIDADE INTERNAÇÃO - CLINICA TISIOLÓGICA ALA B;2023;8;1;4;0,25
HRJP;UNIDADE INTERNAÇÃO - CLINICA TISIOLÓGICA ALA C;2023;8;1;5;0,2
HRJP;UNIDADE INTERNAÇÃO - PSIQUIATRIA ALA A;2023;8;4;12;0,3333333333333333
HRJP;UNIDADE INTERNAÇÃO - PSIQUIATRIA ALA C;2023;8;1;5;0,2
HRJP;UTI -  PEDIATRICO;2023;8;0;2;0,0
HRJP;UTI - ADULTO;2023;8;6;13;0,46153846153846156
HRJP;UTI - NEONATAL;2023;8;0;2;0,0
HRJP;ALOJAMENTO CONJUNTO;2023;9;1;124;0,008064516129032258
HRJP;BLOCO CIRURGICO;2023;9;0;13;0,0
HRJP;BLOCO OBSTÉTRICO;2023;9;0;1;0,0
HRJP;UNIDADE INTERNAÇÃO - CLINICA CIRURGICA ALA A;2023;9;0;32;0,0
HRJP;UNIDADE INTERNAÇÃO - CLINICA CIRURGICA ALA B;2023;9;1;18;0,05555555555555555
HRJP;UNIDADE INTERNAÇÃO - CLINICA MÉDICA ALA A;2023;9;3;9;0,3333333333333333
HRJP;UNIDADE INTERNAÇÃO - CLINICA MÉDICA ALA B;2023;9;3;18;0,16666666666666666
HRJP;UNIDADE INTERNAÇÃO - CLINICA MÉDICA ALA C;2023;9;2;41;0,04878048780487805
HRJP;UNIDADE INTERNAÇÃO - CLINICA PEDIÁTRICA;2023;9;8;73;0,1095890410958904
HRJP;UNIDADE INTERNAÇÃO - CLINICA TISIOLÓGICA ALA B;2023;9;0;3;0,0
HRJP;UNIDADE INTERNAÇÃO - CLINICA TISIOLÓGICA ALA C;2023;9;2;5;0,4
HRJP;UNIDADE INTERNAÇÃO - PSIQUIATRIA ALA A;2023;9;0;13;0,0
HRJP;UNIDADE INTERNAÇÃO - PSIQUIATRIA ALA C;2023;9;0;5;0,0
HRJP;UTI -  PEDIATRICO;2023;9;1;1;1,0
HRJP;UTI - ADULTO;2023;9;4;12;0,3333333333333333
HRJP;ALOJAMENTO CONJUNTO;2023;10;0;136;0,0
HRJP;BLOCO CIRURGICO;2023;10;0;14;0,0
HRJP;BLOCO OBSTÉTRICO;2023;10;0;1;0,0
HRJP;UNIDADE INTERNAÇÃO - CLINICA CIRURGICA ALA A;2023;10;1;34;0,029411764705882353
HRJP;UNIDADE INTERNAÇÃO - CLINICA CIRURGICA ALA B;2023;10;1;14;0,07142857142857142
HRJP;UNIDADE INTERNAÇÃO - CLINICA MÉDICA ALA A;2023;10;0;11;0,0
HRJP;UNIDADE INTERNAÇÃO - CLINICA MÉDICA ALA B;2023;10;0;14;0,0
HRJP;UNIDADE INTERNAÇÃO - CLINICA MÉDICA ALA C;2023;10;5;30;0,16666666666666666
HRJP;UNIDADE INTERNAÇÃO - CLINICA PEDIÁTRICA;2023;10;7;86;0,08139534883720931
HRJP;UNIDADE INTERNAÇÃO - CLINICA TISIOLÓGICA ALA B;2023;10;0;1;0,0
HRJP;UNIDADE INTERNAÇÃO - CLINICA TISIOLÓGICA ALA C;2023;10;2;8;0,25
HRJP;UNIDADE INTERNAÇÃO - PSIQUIATRIA ALA A;2023;10;2;20;0,1
HRJP;UNIDADE INTERNAÇÃO - PSIQUIATRIA ALA C;2023;10;1;4;0,25
HRJP;UTI -  PEDIATRICO;2023;10;0;1;0,0
HRJP;UTI - ADULTO;2023;10;4;14;0,2857142857142857
HRJP;UTI - NEONATAL;2023;10;0;3;0,0
HRJP;ALOJAMENTO CONJUNTO;2023;11;0;134;0,0
HRJP;BLOCO CIRURGICO;2023;11;0;14;0,0
HRJP;BLOCO OBSTÉTRICO;2023;11;0;3;0,0
HRJP;UNIDADE INTERNAÇÃO - CLINICA CIRURGICA ALA A;2023;11;0;28;0,0
HRJP;UNIDADE INTERNAÇÃO - CLINICA CIRURGICA ALA B;2023;11;2;11;0,18181818181818182
HRJP;UNIDADE INTERNAÇÃO - CLINICA MÉDICA ALA A;2023;11;4;14;0,2857142857142857
HRJP;UNIDADE INTERNAÇÃO - CLINICA MÉDICA ALA B;2023;11;7;19;0,3684210526315789
HRJP;UNIDADE INTERNAÇÃO - CLINICA MÉDICA ALA C;2023;11;4;40;0,1
HRJP;UNIDADE INTERNAÇÃO - CLINICA PEDIÁTRICA;2023;11;5;87;0,05747126436781609
HRJP;UNIDADE INTERNAÇÃO - CLINICA TISIOLÓGICA ALA B;2023;11;1;1;1,0
HRJP;UNIDADE INTERNAÇÃO - CLINICA TISIOLÓGICA ALA C;2023;11;0;4;0,0
HRJP;UNIDADE INTERNAÇÃO - PSIQUIATRIA ALA A;2023;11;2;12;0,16666666666666666
HRJP;UNIDADE INTERNAÇÃO - PSIQUIATRIA ALA C;2023;11;1;4;0,25
HRJP;UTI -  PEDIATRICO;2023;11;1;2;0,5
HRJP;UTI - ADULTO;2023;11;3;9;0,3333333333333333
HRJP;UTI - NEONATAL;2023;11;0;2;0,0
HRJP;ALOJAMENTO CONJUNTO;2023;12;0;123;0,0
HRJP;BLOCO CIRURGICO;2023;12;0;19;0,0
HRJP;BLOCO OBSTÉTRICO;2023;12;0;2;0,0
HRJP;UNIDADE INTERNAÇÃO - CLINICA CIRURGICA ALA A;2023;12;0;19;0,0
HRJP;UNIDADE INTERNAÇÃO - CLINICA CIRURGICA ALA B;2023;12;1;9;0,1111111111111111
HRJP;UNIDADE INTERNAÇÃO - CLINICA MÉDICA ALA A;2023;12;3;16;0,1875
HRJP;UNIDADE INTERNAÇÃO - CLINICA MÉDICA ALA B;2023;12;2;21;0,09523809523809523
HRJP;UNIDADE INTERNAÇÃO - CLINICA MÉDICA ALA C;2023;12;3;39;0,07692307692307693
HRJP;UNIDADE INTERNAÇÃO - CLINICA PEDIÁTRICA;2023;12;10;72;0,1388888888888889
HRJP;UNIDADE INTERNAÇÃO - CLINICA TISIOLÓGICA ALA B;2023;12;0;2;0,0
HRJP;UNIDADE INTERNAÇÃO - CLINICA TISIOLÓGICA ALA C;2023;12;2;6;0,3333333333333333
HRJP;UNIDADE INTERNAÇÃO - PSIQUIATRIA ALA A;2023;12;2;22;0,09090909090909091
HRJP;UNIDADE INTERNAÇÃO - PSIQUIATRIA ALA C;2023;12;0;2;0,0
HRJP;UTI -  PEDIATRICO;2023;12;0;1;0,0
HRJP;UTI - ADULTO;2023;12;3;14;0,21428571428571427
HRJP;UTI - NEONATAL;2023;12;0;3;0,0
HRJP;ALOJAMENTO CONJUNTO;2024;1;0;143;0,0
HRJP;BLOCO CIRURGICO;2024;1;0;11;0,0
HRJP;BLOCO OBSTÉTRICO;2024;1;0;4;0,0
HRJP;UNIDADE INTERNAÇÃO - CLINICA CIRURGICA ALA A;2024;1;0;9;0,0
HRJP;UNIDADE INTERNAÇÃO - CLINICA CIRURGICA ALA B;2024;1;2;7;0,2857142857142857
HRJP;UNIDADE INTERNAÇÃO - CLINICA MÉDICA ALA A;2024;1;0;14;0,0
HRJP;UNIDADE INTERNAÇÃO - CLINICA MÉDICA ALA B;2024;1;2;8;0,25
HRJP;UNIDADE INTERNAÇÃO - CLINICA MÉDICA ALA C;2024;1;2;41;0,04878048780487805
HRJP;UNIDADE INTERNAÇÃO - CLINICA PEDIÁTRICA;2024;1;3;54;0,05555555555555555
HRJP;UNIDADE INTERNAÇÃO - CLINICA TISIOLÓGICA ALA B;2024;1;0;4;0,0
HRJP;UNIDADE INTERNAÇÃO - CLINICA TISIOLÓGICA ALA C;2024;1;1;4;0,25
HRJP;UNIDADE INTERNAÇÃO - PSIQUIATRIA ALA A;2024;1;1;15;0,06666666666666667
HRJP;UNIDADE INTERNAÇÃO - PSIQUIATRIA ALA C;2024;1;0;1;0,0
HRJP;UTI -  PEDIATRICO;2024;1;0;1;0,0
HRJP;UTI - ADULTO;2024;1;5;14;0,35714285714285715
HRJP;UTI - NEONATAL;2024;1;1;4;0,25
HRJP;ALOJAMENTO CONJUNTO;2024;2;0;126;0,0
HRJP;BLOCO CIRURGICO;2024;2;0;14;0,0
HRJP;UNIDADE INTERNAÇÃO - CLINICA CIRURGICA ALA A;2024;2;2;17;0,11764705882352941
HRJP;UNIDADE INTERNAÇÃO - CLINICA CIRURGICA ALA B;2024;2;0;23;0,0
HRJP;UNIDADE INTERNAÇÃO - CLINICA MÉDICA ALA A;2024;2;4;22;0,18181818181818182
HRJP;UNIDADE INTERNAÇÃO - CLINICA MÉDICA ALA B;2024;2;3;12;0,25
HRJP;UNIDADE INTERNAÇÃO - CLINICA MÉDICA ALA C;2024;2;6;19;0,3157894736842105
HRJP;UNIDADE INTERNAÇÃO - CLINICA PEDIÁTRICA;2024;2;4;72;0,05555555555555555
HRJP;UNIDADE INTERNAÇÃO - CLINICA TISIOLÓGICA ALA B;2024;2;0;1;0,0
HRJP;UNIDADE INTERNAÇÃO - CLINICA TISIOLÓGICA ALA C;2024;2;0;3;0,0
HRJP;UNIDADE INTERNAÇÃO - PSIQUIATRIA ALA A;2024;2;1;26;0,038461538461538464
HRJP;UNIDADE INTERNAÇÃO - PSIQUIATRIA ALA C;2024;2;1;4;0,25
HRJP;UTI -  PEDIATRICO;2024;2;0;1;0,0
HRJP;UTI - ADULTO;2024;2;3;13;0,23076923076923078
HRJP;UTI - NEONATAL;2024;2;0;1;0,0
HRJP;ALOJAMENTO CONJUNTO;2024;3;0;131;0,0
HRJP;BLOCO CIRURGICO;2024;3;0;14;0,0
HRJP;UNIDADE INTERNAÇÃO - CLINICA CIRURGICA ALA A;2024;3;1;14;0,07142857142857142
HRJP;UNIDADE INTERNAÇÃO - CLINICA CIRURGICA ALA B;2024;3;0;20;0,0
HRJP;UNIDADE INTERNAÇÃO - CLINICA MÉDICA ALA A;2024;3;1;36;0,027777777777777776
HRJP;UNIDADE INTERNAÇÃO - CLINICA MÉDICA ALA B;2024;3;4;19;0,21052631578947367
HRJP;UNIDADE INTERNAÇÃO - CLINICA MÉDICA ALA C;2024;3;6;55;0,10909090909090909
HRJP;UNIDADE INTERNAÇÃO - CLINICA PEDIÁTRICA;2024;3;9;66;0,13636363636363635
HRJP;UNIDADE INTERNAÇÃO - CLINICA TISIOLÓGICA ALA B;2024;3;0;1;0,0
HRJP;UNIDADE INTERNAÇÃO - CLINICA TISIOLÓGICA ALA C;2024;3;3;11;0,2727272727272727
HRJP;UNIDADE INTERNAÇÃO - PSIQUIATRIA ALA A;2024;3;3;31;0,0967741935483871
HRJP;UNIDADE INTERNAÇÃO - PSIQUIATRIA ALA C;2024;3;1;5;0,2
HRJP;UTI -  PEDIATRICO;2024;3;0;5;0,0
HRJP;UTI - ADULTO;2024;3;4;18;0,2222222222222222
HRJP;UTI - NEONATAL;2024;3;0;4;0,0
HRJP;ALOJAMENTO CONJUNTO;2024;4;1;127;0,007874015748031496
HRJP;BLOCO CIRURGICO;2024;4;0;10;0,0
HRJP;UNIDADE INTERNAÇÃO - CLINICA CIRURGICA ALA A;2024;4;1;14;0,07142857142857142
HRJP;UNIDADE INTERNAÇÃO - CLINICA CIRURGICA ALA B;2024;4;0;15;0,0
HRJP;UNIDADE INTERNAÇÃO - CLINICA MÉDICA ALA A;2024;4;4;46;0,08695652173913043
HRJP;UNIDADE INTERNAÇÃO - CLINICA MÉDICA ALA B;2024;4;7;22;0,3181818181818182
HRJP;UNIDADE INTERNAÇÃO - CLINICA MÉDICA ALA C;2024;4;3;71;0,04225352112676056
HRJP;UNIDADE INTERNAÇÃO - CLINICA PEDIÁTRICA;2024;4;11;80;0,1375
HRJP;UNIDADE INTERNAÇÃO - CLINICA TISIOLÓGICA ALA B;2024;4;1;1;1,0
HRJP;UNIDADE INTERNAÇÃO - CLINICA TISIOLÓGICA ALA C;2024;4;1;12;0,08333333333333333
HRJP;UNIDADE INTERNAÇÃO - PSIQUIATRIA ALA A;2024;4;2;38;0,05263157894736842
HRJP;UNIDADE INTERNAÇÃO - PSIQUIATRIA ALA C;2024;4;2;11;0,18181818181818182
HRJP;UTI -  PEDIATRICO;2024;4;1;3;0,3333333333333333
HRJP;UTI - ADULTO;2024;4;2;10;0,2
HRJP;UTI - NEONATAL;2024;4;0;1;0,0
HRJP;ALOJAMENTO CONJUNTO;2024;5;0;138;0,0
HRJP;BLOCO CIRURGICO;2024;5;0;9;0,0
HRJP;BLOCO OBSTÉTRICO;2024;5;0;1;0,0
HRJP;UNIDADE INTERNAÇÃO - CLINICA CIRURGICA ALA A;2024;5;2;6;0,3333333333333333
HRJP;UNIDADE INTERNAÇÃO - CLINICA CIRURGICA ALA B;2024;5;0;6;0,0
HRJP;UNIDADE INTERNAÇÃO - CLINICA CIRURGICA ALA C;2024;5;1;28;0,03571428571428571
HRJP;UNIDADE INTERNAÇÃO - CLINICA MÉDICA ALA A;2024;5;4;56;0,07142857142857142
HRJP;UNIDADE INTERNAÇÃO - CLINICA MÉDICA ALA B;2024;5;4;22;0,18181818181818182
HRJP;UNIDADE INTERNAÇÃO - CLINICA MÉDICA ALA C;2024;5;4;49;0,08163265306122448
HRJP;UNIDADE INTERNAÇÃO - CLINICA PEDIÁTRICA;2024;5;8;90;0,08888888888888889
HRJP;UNIDADE INTERNAÇÃO - CLINICA TISIOLÓGICA ALA B;2024;5;1;1;1,0
HRJP;UNIDADE INTERNAÇÃO - CLINICA TISIOLÓGICA ALA C;2024;5;0;7;0,0
HRJP;UNIDADE INTERNAÇÃO - PSIQUIATRIA ALA A;2024;5;0;12;0,0
HRJP;UNIDADE INTERNAÇÃO - PSIQUIATRIA ALA C;2024;5;0;2;0,0
HRJP;UTI -  PEDIATRICO;2024;5;0;3;0,0
HRJP;UTI - ADULTO;2024;5;3;17;0,17647058823529413
HRJP;UTI - NEONATAL;2024;5;0;1;0,0
HRJP;ALOJAMENTO CONJUNTO;2024;6;0;142;0,0
HRJP;BLOCO CIRURGICO;2024;6;0;18;0,0
HRJP;BLOCO OBSTÉTRICO;2024;6;0;1;0,0
HRJP;UNIDADE INTERNAÇÃO - CLINICA CIRURGICA ALA A;2024;6;2;17;0,11764705882352941
HRJP;UNIDADE INTERNAÇÃO - CLINICA CIRURGICA ALA B;2024;6;1;5;0,2
HRJP;UNIDADE INTERNAÇÃO - CLINICA CIRURGICA ALA C;2024;6;1;27;0,037037037037037035
HRJP;UNIDADE INTERNAÇÃO - CLINICA MÉDICA ALA A;2024;6;2;34;0,058823529411764705
HRJP;UNIDADE INTERNAÇÃO - CLINICA MÉDICA ALA B;2024;6;7;20;0,35
HRJP;UNIDADE INTERNAÇÃO - CLINICA MÉDICA ALA C;2024;6;4;26;0,15384615384615385
HRJP;UNIDADE INTERNAÇÃO - CLINICA PEDIÁTRICA;2024;6;9;87;0,10344827586206896
HRJP;UNIDADE INTERNAÇÃO - CLINICA TISIOLÓGICA ALA C;2024;6;3;4;0,75
HRJP;UNIDADE INTERNAÇÃO - PSIQUIATRIA ALA A;2024;6;1;8;0,125
HRJP;UNIDADE INTERNAÇÃO - PSIQUIATRIA ALA C;2024;6;0;4;0,0
HRJP;UTI -  PEDIATRICO;2024;6;0;3;0,0
HRJP;UTI - ADULTO;2024;6;2;11;0,18181818181818182
HRJP;UTI - NEONATAL;2024;6;1;3;0,3333333333333333
HRJP;ALOJAMENTO CONJUNTO;2024;7;0;124;0,0
HRJP;BLOCO CIRURGICO;2024;7;0;14;0,0
HRJP;UNIDADE INTERNAÇÃO - CLINICA CIRURGICA ALA A;2024;7;1;12;0,08333333333333333
HRJP;UNIDADE INTERNAÇÃO - CLINICA CIRURGICA ALA B;2024;7;4;9;0,4444444444444444
HRJP;UNIDADE INTERNAÇÃO - CLINICA CIRURGICA ALA C;2024;7;0;34;0,0
HRJP;UNIDADE INTERNAÇÃO - CLINICA MÉDICA ALA A;2024;7;4;30;0,13333333333333333
HRJP;UNIDADE INTERNAÇÃO - CLINICA MÉDICA ALA B;2024;7;1;17;0,058823529411764705
HRJP;UNIDADE INTERNAÇÃO - CLINICA MÉDICA ALA C;2024;7;6;39;0,15384615384615385
HRJP;UNIDADE INTERNAÇÃO - CLINICA PEDIÁTRICA;2024;7;9;69;0,13043478260869565
HRJP;UNIDADE INTERNAÇÃO - CLINICA TISIOLÓGICA ALA B;2024;7;1;3;0,3333333333333333
HRJP;UNIDADE INTERNAÇÃO - CLINICA TISIOLÓGICA ALA C;2024;7;0;3;0,0
HRJP;UNIDADE INTERNAÇÃO - PSIQUIATRIA ALA A;2024;7;1;14;0,07142857142857142
HRJP;UNIDADE INTERNAÇÃO - PSIQUIATRIA ALA C;2024;7;1;3;0,3333333333333333
HRJP;UTI -  PEDIATRICO;2024;7;0;1;0,0
HRJP;UTI - ADULTO;2024;7;1;15;0,06666666666666667
HRJP;ALOJAMENTO CONJUNTO;2024;8;0;128;0,0
HRJP;BLOCO CIRURGICO;2024;8;0;10;0,0
HRJP;UNIDADE INTERNAÇÃO - CLINICA CIRURGICA ALA A;2024;8;2;5;0,4
HRJP;UNIDADE INTERNAÇÃO - CLINICA CIRURGICA ALA B;2024;8;2;2;1,0
HRJP;UNIDADE INTERNAÇÃO - CLINICA CIRURGICA ALA C;2024;8;0;21;0,0
HRJP;UNIDADE INTERNAÇÃO - CLINICA MÉDICA ALA A;2024;8;4;42;0,09523809523809523
HRJP;UNIDADE INTERNAÇÃO - CLINICA MÉDICA ALA B;2024;8;4;23;0,17391304347826086
HRJP;UNIDADE INTERNAÇÃO - CLINICA MÉDICA ALA C;2024;8;4;34;0,11764705882352941
HRJP;UNIDADE INTERNAÇÃO - CLINICA PEDIÁTRICA;2024;8;7;66;0,10606060606060606
HRJP;UNIDADE INTERNAÇÃO - CLINICA TISIOLÓGICA ALA B;2024;8;0;1;0,0
HRJP;UNIDADE INTERNAÇÃO - CLINICA TISIOLÓGICA ALA C;2024;8;2;6;0,3333333333333333
HRJP;UNIDADE INTERNAÇÃO - PSIQUIATRIA ALA A;2024;8;3;11;0,2727272727272727
HRJP;UNIDADE INTERNAÇÃO - PSIQUIATRIA ALA C;2024;8;1;2;0,5
HRJP;UTI -  PEDIATRICO;2024;8;1;3;0,3333333333333333
HRJP;UTI - ADULTO;2024;8;2;12;0,16666666666666666
HRJP;UTI - NEONATAL;2024;8;0;2;0,0
HRJP;ALOJAMENTO CONJUNTO;2024;9;0;149;0,0
HRJP;BLOCO CIRURGICO;2024;9;0;9;0,0
HRJP;BLOCO OBSTÉTRICO;2024;9;0;1;0,0
HRJP;UNIDADE INTERNAÇÃO - CLINICA CIRURGICA ALA A;2024;9;3;13;0,23076923076923078
HRJP;UNIDADE INTERNAÇÃO - CLINICA CIRURGICA ALA B;2024;9;1;9;0,1111111111111111
HRJP;UNIDADE INTERNAÇÃO - CLINICA CIRURGICA ALA C;2024;9;0;28;0,0
HRJP;UNIDADE INTERNAÇÃO - CLINICA MÉDICA ALA A;2024;9;2;40;0,05
HRJP;UNIDADE INTERNAÇÃO - CLINICA MÉDICA ALA B;2024;9;4;20;0,2
HRJP;UNIDADE INTERNAÇÃO - CLINICA MÉDICA ALA C;2024;9;3;26;0,11538461538461539
HRJP;UNIDADE INTERNAÇÃO - CLINICA PEDIÁTRICA;2024;9;9;88;0,10227272727272728
HRJP;UNIDADE INTERNAÇÃO - CLINICA TISIOLÓGICA ALA B;2024;9;0;2;0,0
HRJP;UNIDADE INTERNAÇÃO - CLINICA TISIOLÓGICA ALA C;2024;9;0;3;0,0
HRJP;UNIDADE INTERNAÇÃO - PSIQUIATRIA ALA A;2024;9;0;9;0,0
HRJP;UNIDADE INTERNAÇÃO - PSIQUIATRIA ALA C;2024;9;0;3;0,0
HRJP;UTI -  PEDIATRICO;2024;9;0;3;0,0
HRJP;UTI - ADULTO;2024;9;4;14;0,2857142857142857
HRJP;UTI - NEONATAL;2024;9;0;2;0,0
HRJP;ALOJAMENTO CONJUNTO;2024;10;0;139;0,0
HRJP;BLOCO CIRURGICO;2024;10;0;16;0,0
HRJP;BLOCO OBSTÉTRICO;2024;10;0;2;0,0
HRJP;UNIDADE INTERNAÇÃO - CLINICA CIRURGICA ALA A;2024;10;1;25;0,04
HRJP;UNIDADE INTERNAÇÃO - CLINICA CIRURGICA ALA B;2024;10;2;7;0,2857142857142857
HRJP;UNIDADE INTERNAÇÃO - CLINICA CIRURGICA ALA C;2024;10;0;21;0,0
HRJP;UNIDADE INTERNAÇÃO - CLINICA MÉDICA ALA A;2024;10;2;40;0,05
HRJP;UNIDADE INTERNAÇÃO - CLÍNICA MÉDICA ALA A;2024;10;1;1;1,0
HRJP;UNIDADE INTERNAÇÃO - CLINICA MÉDICA ALA B;2024;10;6;26;0,23076923076923078
HRJP;UNIDADE INTERNAÇÃO - CLINICA MÉDICA ALA C;2024;10;4;49;0,08163265306122448
HRJP;UNIDADE INTERNAÇÃO - CLINICA PEDIÁTRICA;2024;10;5;102;0,049019607843137254
HRJP;UNIDADE INTERNAÇÃO - CLINICA TISIOLÓGICA ALA B;2024;10;0;2;0,0
HRJP;UNIDADE INTERNAÇÃO - CLINICA TISIOLÓGICA ALA C;2024;10;0;2;0,0
HRJP;UNIDADE INTERNAÇÃO - PSIQUIATRIA ALA A;2024;10;2;21;0,09523809523809523
HRJP;UNIDADE INTERNAÇÃO - PSIQUIATRIA ALA C;2024;10;1;4;0,25
HRJP;UTI -  PEDIATRICO;2024;10;1;4;0,25
HRJP;UTI - ADULTO;2024;10;6;13;0,46153846153846156
HRJP;UTI - NEONATAL;2024;10;0;4;0,0
HRJP;ALOJAMENTO CONJUNTO;2024;11;0;19;0,0
HRJP;ALOJAMENTO CONJUNTO /UNIDADE DE INTERNAÇÃO;2024;11;0;112;0,0
HRJP;BLOCO CIRURGICO;2024;11;0;2;0,0
HRJP;UNIDADE DE INTERNAÇÃO - CLÍNICA DIP ALA C;2024;11;0;16;0,0
HRJP;UNIDADE INTERNAÇÃO - CLINICA CIRURGICA ALA A;2024;11;0;2;0,0
HRJP;UNIDADE INTERNAÇÃO - CLÍNICA CIRÚRGICA ALA A;2024;11;0;19;0,0
HRJP;UNIDADE INTERNAÇÃO - CLÍNICA CIRÚRGICA ALA B;2024;11;0;7;0,0
HRJP;UNIDADE INTERNAÇÃO - CLINICA CIRURGICA ALA C;2024;11;0;4;0,0
HRJP;UNIDADE INTERNAÇÃO - CLÍNICA CIRÚRGICA ALA C;2024;11;1;13;0,07692307692307693
HRJP;UNIDADE INTERNAÇÃO - CLINICA MÉDICA ALA A;2024;11;0;7;0,0
HRJP;UNIDADE INTERNAÇÃO - CLÍNICA MÉDICA ALA A;2024;11;0;38;0,0
HRJP;UNIDADE INTERNAÇÃO - CLINICA MÉDICA ALA B;2024;11;0;4;0,0
HRJP;UNIDADE INTERNAÇÃO - CLÍNICA MÉDICA ALA B;2024;11;2;29;0,06896551724137931
HRJP;UNIDADE INTERNAÇÃO - CLINICA MÉDICA ALA C;2024;11;0;6;0,0
HRJP;UNIDADE INTERNAÇÃO - CLÍNICA MÉDICA ALA C;2024;11;0;18;0,0
HRJP;UNIDADE INTERNAÇÃO - CLINICA PEDIÁTRICA;2024;11;1;12;0,08333333333333333
HRJP;UNIDADE INTERNAÇÃO - CLÍNICA PEDIÁTRICA;2024;11;4;61;0,06557377049180328
HRJP;UNIDADE INTERNAÇÃO - CLÍNICA PSIQUIÁTRICA ALA A;2024;11;0;11;0,0
HRJP;UNIDADE INTERNAÇÃO - CLÍNICA PSIQUIÁTRICA ALA C;2024;11;0;4;0,0
HRJP;UNIDADE INTERNAÇÃO - CLÍNICA TISIOLÓGICA ALA B;2024;11;1;4;0,25
HRJP;UNIDADE INTERNAÇÃO - CLÍNICA TISIOLÓGICA ALA C;2024;11;0;3;0,0
HRJP;UNIDADE INTERNAÇÃO - PSIQUIATRIA ALA A;2024;11;0;1;0,0
HRJP;UNIDADE INTERNAÇÃO - PSIQUIATRIA ALA C;2024;11;0;1;0,0
HRJP;UTI - ADULTO;2024;11;1;9;0,1111111111111111
HRJP;UTI - NEONATAL I;2024;11;0;2;0,0
HRJP;ALOJAMENTO CONJUNTO /UNIDADE DE INTERNAÇÃO;2024;12;0;122;0,0
HRJP;UNIDADE DE INTERNAÇÃO - CLÍNICA DIP ALA C;2024;12;1;14;0,07142857142857142
HRJP;UNIDADE INTERNAÇÃO - CLÍNICA CIRÚRGICA ALA A;2024;12;0;17;0,0
HRJP;UNIDADE INTERNAÇÃO - CLÍNICA CIRÚRGICA ALA B;2024;12;1;3;0,3333333333333333
HRJP;UNIDADE INTERNAÇÃO - CLÍNICA CIRÚRGICA ALA C;2024;12;0;18;0,0
HRJP;UNIDADE INTERNAÇÃO - CLÍNICA MÉDICA ALA A;2024;12;3;44;0,06818181818181818
HRJP;UNIDADE INTERNAÇÃO - CLÍNICA MÉDICA ALA B;2024;12;5;29;0,1724137931034483
HRJP;UNIDADE INTERNAÇÃO - CLÍNICA MÉDICA ALA C;2024;12;0;22;0,0
HRJP;UNIDADE INTERNAÇÃO - CLÍNICA PEDIÁTRICA;2024;12;2;66;0,030303030303030304
HRJP;UNIDADE INTERNAÇÃO - CLÍNICA PSIQUIÁTRICA ALA A;2024;12;0;6;0,0
HRJP;UNIDADE INTERNAÇÃO - CLÍNICA PSIQUIÁTRICA ALA C;2024;12;1;2;0,5
HRJP;UNIDADE INTERNAÇÃO - CLÍNICA TISIOLÓGICA ALA B;2024;12;0;3;0,0
HRJP;UNIDADE INTERNAÇÃO - CLÍNICA TISIOLÓGICA ALA C;2024;12;0;7;0,0
HRJP;UTI - ADULTO;2024;12;9;20;0,45
HRJP;UTI - PEDIÁTRICO;2024;12;0;2;0,0
HRJP;ALOJAMENTO CONJUNTO /UNIDADE DE INTERNAÇÃO;2025;1;0;134;0,0
HRJP;UNIDADE DE INTERNAÇÃO - CLÍNICA DIP ALA C;2025;1;0;6;0,0
HRJP;UNIDADE INTERNAÇÃO - CLÍNICA CIRÚRGICA ALA A;2025;1;0;18;0,0
HRJP;UNIDADE INTERNAÇÃO - CLÍNICA CIRÚRGICA ALA B;2025;1;1;2;0,5
HRJP;UNIDADE INTERNAÇÃO - CLÍNICA CIRÚRGICA ALA C;2025;1;0;12;0,0
HRJP;UNIDADE INTERNAÇÃO - CLÍNICA MÉDICA ALA A;2025;1;0;42;0,0
HRJP;UNIDADE INTERNAÇÃO - CLÍNICA MÉDICA ALA B;2025;1;2;32;0,0625
HRJP;UNIDADE INTERNAÇÃO - CLÍNICA MÉDICA ALA C;2025;1;1;9;0,1111111111111111
HRJP;UNIDADE INTERNAÇÃO - CLÍNICA PEDIÁTRICA;2025;1;6;65;0,09230769230769231
HRJP;UNIDADE INTERNAÇÃO - CLÍNICA PSIQUIÁTRICA ALA A;2025;1;1;4;0,25
HRJP;UNIDADE INTERNAÇÃO - CLÍNICA PSIQUIÁTRICA ALA C;2025;1;0;3;0,0
HRJP;UNIDADE INTERNAÇÃO - CLÍNICA TISIOLÓGICA ALA B;2025;1;0;3;0,0
HRJP;UNIDADE INTERNAÇÃO - CLÍNICA TISIOLÓGICA ALA C;2025;1;1;10;0,1
HRJP;UTI - ADULTO;2025;1;0;4;0,0
HRJP;UTI - NEONATAL I;2025;1;0;2;0,0
HRJP;UTI - PEDIÁTRICO;2025;1;0;4;0,0
HRJP;ALOJAMENTO CONJUNTO /UNIDADE DE INTERNAÇÃO;2025;2;0;119;0,0
HRJP;PRÉ-PARTO;2025;2;0;1;0,0
HRJP;UNIDADE DE INTERNAÇÃO - CLÍNICA DIP ALA C;2025;2;1;8;0,125
HRJP;UNIDADE INTERNAÇÃO - CLÍNICA CIRÚRGICA ALA A;2025;2;1;17;0,058823529411764705
HRJP;UNIDADE INTERNAÇÃO - CLÍNICA CIRÚRGICA ALA B;2025;2;1;5;0,2
HRJP;UNIDADE INTERNAÇÃO - CLÍNICA CIRÚRGICA ALA C;2025;2;0;17;0,0
HRJP;UNIDADE INTERNAÇÃO - CLÍNICA MÉDICA ALA A;2025;2;4;44;0,09090909090909091
HRJP;UNIDADE INTERNAÇÃO - CLÍNICA MÉDICA ALA B;2025;2;1;34;0,029411764705882353
HRJP;UNIDADE INTERNAÇÃO - CLÍNICA MÉDICA ALA C;2025;2;1;23;0,043478260869565216
HRJP;UNIDADE INTERNAÇÃO - CLÍNICA PEDIÁTRICA;2025;2;3;70;0,04285714285714286
HRJP;UNIDADE INTERNAÇÃO - CLÍNICA PSIQUIÁTRICA ALA A;2025;2;0;8;0,0
HRJP;UNIDADE INTERNAÇÃO - CLÍNICA PSIQUIÁTRICA ALA C;2025;2;1;1;1,0
HRJP;UNIDADE INTERNAÇÃO - CLÍNICA TISIOLÓGICA ALA B;2025;2;0;2;0,0
HRJP;UNIDADE INTERNAÇÃO - CLÍNICA TISIOLÓGICA ALA C;2025;2;0;2;0,0
HRJP;UTI - ADULTO;2025;2;0;4;0,0
HRJP;UTI - PEDIÁTRICO;2025;2;0;2;0,0
HRJP;ALOJAMENTO CONJUNTO /UNIDADE DE INTERNAÇÃO;2025;3;0;173;0,0
HRJP;UNIDADE DE INTERNAÇÃO - CLÍNICA DIP ALA C;2025;3;1;15;0,06666666666666667
HRJP;UNIDADE INTERNAÇÃO - CLÍNICA CIRÚRGICA ALA A;2025;3;0;15;0,0
HRJP;UNIDADE INTERNAÇÃO - CLÍNICA CIRÚRGICA ALA B;2025;3;2;6;0,3333333333333333
HRJP;UNIDADE INTERNAÇÃO - CLÍNICA CIRÚRGICA ALA C;2025;3;0;23;0,0
HRJP;UNIDADE INTERNAÇÃO - CLÍNICA MÉDICA ALA A;2025;3;2;57;0,03508771929824561
HRJP;UNIDADE INTERNAÇÃO - CLÍNICA MÉDICA ALA B;2025;3;5;42;0,11904761904761904
HRJP;UNIDADE INTERNAÇÃO - CLÍNICA MÉDICA ALA C;2025;3;2;25;0,08
HRJP;UNIDADE INTERNAÇÃO - CLÍNICA PEDIÁTRICA;2025;3;5;66;0,07575757575757576
HRJP;UNIDADE INTERNAÇÃO - CLÍNICA PSIQUIÁTRICA ALA A;2025;3;2;4;0,5
HRJP;UNIDADE INTERNAÇÃO - CLÍNICA PSIQUIÁTRICA ALA C;2025;3;2;4;0,5
HRJP;UNIDADE INTERNAÇÃO - CLÍNICA TISIOLÓGICA ALA B;2025;3;0;3;0,0
HRJP;UNIDADE INTERNAÇÃO - CLÍNICA TISIOLÓGICA ALA C;2025;3;0;11;0,0
HRJP;UTI - ADULTO;2025;3;4;13;0,3076923076923077
HRJP;UTI - NEONATAL I;2025;3;1;4;0,25
HRJP;UTI - PEDIÁTRICO;2025;3;0;2;0,0
HRJP;ALOJAMENTO CONJUNTO /UNIDADE DE INTERNAÇÃO;2025;4;0;156;0,0
HRJP;UNIDADE DE INTERNAÇÃO - CLÍNICA DIP ALA C;2025;4;1;17;0,058823529411764705
HRJP;UNIDADE INTERNAÇÃO - CLÍNICA CIRÚRGICA ALA A;2025;4;1;16;0,0625
HRJP;UNIDADE INTERNAÇÃO - CLÍNICA CIRÚRGICA ALA B;2025;4;1;14;0,07142857142857142
HRJP;UNIDADE INTERNAÇÃO - CLÍNICA CIRÚRGICA ALA C;2025;4;0;28;0,0
HRJP;UNIDADE INTERNAÇÃO - CLÍNICA MÉDICA ALA A;2025;4;2;57;0,03508771929824561
HRJP;UNIDADE INTERNAÇÃO - CLÍNICA MÉDICA ALA B;2025;4;4;34;0,11764705882352941
HRJP;UNIDADE INTERNAÇÃO - CLÍNICA MÉDICA ALA C;2025;4;0;21;0,0
HRJP;UNIDADE INTERNAÇÃO - CLÍNICA PEDIÁTRICA;2025;4;8;83;0,0963855421686747
HRJP;UNIDADE INTERNAÇÃO - CLÍNICA PSIQUIÁTRICA ALA A;2025;4;3;9;0,3333333333333333
HRJP;UNIDADE INTERNAÇÃO - CLÍNICA PSIQUIÁTRICA ALA C;2025;4;2;3;0,6666666666666666
HRJP;UNIDADE INTERNAÇÃO - CLÍNICA TISIOLÓGICA ALA B;2025;4;0;1;0,0
HRJP;UNIDADE INTERNAÇÃO - CLÍNICA TISIOLÓGICA ALA C;2025;4;1;5;0,2
HRJP;UTI - ADULTO;2025;4;4;10;0,4
HRJP;UTI - NEONATAL I;2025;4;0;1;0,0
HRJP;UTI - NEONATAL II;2025;4;0;1;0,0
HRJP;UTI - PEDIÁTRICO;2025;4;1;3;0,3333333333333333
HRJP;ALOJAMENTO CONJUNTO /UNIDADE DE INTERNAÇÃO;2025;5;1;162;0,006172839506172839
HRJP;UNIDADE DE INTERNAÇÃO - CLÍNICA DIP ALA C;2025;5;1;14;0,07142857142857142
HRJP;UNIDADE INTERNAÇÃO - CLÍNICA CIRÚRGICA ALA A;2025;5;0;20;0,0
HRJP;UNIDADE INTERNAÇÃO - CLÍNICA CIRÚRGICA ALA B;2025;5;0;18;0,0
HRJP;UNIDADE INTERNAÇÃO - CLÍNICA CIRÚRGICA ALA C;2025;5;0;13;0,0
HRJP;UNIDADE INTERNAÇÃO - CLÍNICA MÉDICA ALA A;2025;5;2;57;0,03508771929824561
HRJP;UNIDADE INTERNAÇÃO - CLÍNICA MÉDICA ALA B;2025;5;4;41;0,0975609756097561
HRJP;UNIDADE INTERNAÇÃO - CLÍNICA MÉDICA ALA C;2025;5;2;23;0,08695652173913043
HRJP;UNIDADE INTERNAÇÃO - CLÍNICA PEDIÁTRICA;2025;5;7;110;0,06363636363636363
HRJP;UNIDADE INTERNAÇÃO - CLÍNICA PSIQUIÁTRICA ALA A;2025;5;1;15;0,06666666666666667
HRJP;UNIDADE INTERNAÇÃO - CLÍNICA PSIQUIÁTRICA ALA C;2025;5;0;3;0,0
HRJP;UNIDADE INTERNAÇÃO - CLÍNICA TISIOLÓGICA ALA B;2025;5;0;1;0,0
HRJP;UNIDADE INTERNAÇÃO - CLÍNICA TISIOLÓGICA ALA C;2025;5;0;5;0,0
HRJP;UTI - ADULTO;2025;5;2;10;0,2
HRJP;UTI - NEONATAL I;2025;5;0;1;0,0
HRJP;UTI - NEONATAL II;2025;5;0;1;0,0
HRJP;UTI - PEDIÁTRICO;2025;5;0;3;0,0
HRJP;ALOJAMENTO CONJUNTO /UNIDADE DE INTERNAÇÃO;2025;6;1;157;0,006369426751592357
HRJP;UNIDADE DE INTERNAÇÃO - CLÍNICA DIP ALA C;2025;6;2;15;0,13333333333333333
HRJP;UNIDADE INTERNAÇÃO - CLÍNICA CIRÚRGICA ALA A;2025;6;0;19;0,0
HRJP;UNIDADE INTERNAÇÃO - CLÍNICA CIRÚRGICA ALA B;2025;6;1;16;0,0625
HRJP;UNIDADE INTERNAÇÃO - CLÍNICA CIRÚRGICA ALA C;2025;6;0;20;0,0
HRJP;UNIDADE INTERNAÇÃO - CLÍNICA MÉDICA ALA A;2025;6;1;46;0,021739130434782608
HRJP;UNIDADE INTERNAÇÃO - CLÍNICA MÉDICA ALA B;2025;6;3;37;0,08108108108108109
HRJP;UNIDADE INTERNAÇÃO - CLÍNICA MÉDICA ALA C;2025;6;1;18;0,05555555555555555
HRJP;UNIDADE INTERNAÇÃO - CLÍNICA PEDIÁTRICA;2025;6;8;83;0,0963855421686747
HRJP;UNIDADE INTERNAÇÃO - CLÍNICA PSIQUIÁTRICA ALA A;2025;6;0;5;0,0
HRJP;UNIDADE INTERNAÇÃO - CLÍNICA PSIQUIÁTRICA ALA C;2025;6;2;5;0,4
HRJP;UNIDADE INTERNAÇÃO - CLÍNICA TISIOLÓGICA ALA B;2025;6;0;3;0,0
HRJP;UNIDADE INTERNAÇÃO - CLÍNICA TISIOLÓGICA ALA C;2025;6;0;6;0,0
HRJP;UTI - ADULTO;2025;6;3;7;0,42857142857142855
HRJP;UTI - NEONATAL I;2025;6;0;3;0,0
HRJP;UTI - NEONATAL II;2025;6;0;1;0,0
HRJP;UTI - PEDIÁTRICO;2025;6;0;2;0,0
HRJP;ALOJAMENTO CONJUNTO /UNIDADE DE INTERNAÇÃO;2025;7;0;156;0,0
HRJP;UNIDADE DE INTERNAÇÃO - CLÍNICA DIP ALA C;2025;7;1;17;0,058823529411764705
HRJP;UNIDADE INTERNAÇÃO - CLÍNICA CIRÚRGICA ALA A;2025;7;0;15;0,0
HRJP;UNIDADE INTERNAÇÃO - CLÍNICA CIRÚRGICA ALA B;2025;7;0;2;0,0
HRJP;UNIDADE INTERNAÇÃO - CLÍNICA CIRÚRGICA ALA C;2025;7;0;32;0,0
HRJP;UNIDADE INTERNAÇÃO - CLÍNICA MÉDICA ALA A;2025;7;2;58;0,034482758620689655
HRJP;UNIDADE INTERNAÇÃO - CLÍNICA MÉDICA ALA B;2025;7;3;29;0,10344827586206896
HRJP;UNIDADE INTERNAÇÃO - CLÍNICA MÉDICA ALA C;2025;7;0;22;0,0
HRJP;UNIDADE INTERNAÇÃO - CLÍNICA PEDIÁTRICA;2025;7;13;94;0,13829787234042554
HRJP;UNIDADE INTERNAÇÃO - CLÍNICA PSIQUIÁTRICA ALA A;2025;7;3;7;0,42857142857142855
HRJP;UNIDADE INTERNAÇÃO - CLÍNICA PSIQUIÁTRICA ALA C;2025;7;1;3;0,3333333333333333
HRJP;UNIDADE INTERNAÇÃO - CLÍNICA TISIOLÓGICA ALA B;2025;7;0;3;0,0
HRJP;UNIDADE INTERNAÇÃO - CLÍNICA TISIOLÓGICA ALA C;2025;7;0;3;0,0
HRJP;UTI - ADULTO;2025;7;0;6;0,0
HRJP;UTI - NEONATAL I;2025;7;1;2;0,5
HRJP;UTI - NEONATAL II;2025;7;1;1;1,0
HRJP;UTI - PEDIÁTRICO;2025;7;1;2;0,5
HRJP;ALOJAMENTO CONJUNTO /UNIDADE DE INTERNAÇÃO;2025;8;0;161;0,0
HRJP;UNIDADE DE INTERNAÇÃO - CLÍNICA DIP ALA C;2025;8;1;16;0,0625
HRJP;UNIDADE INTERNAÇÃO - CLÍNICA CIRÚRGICA ALA A;2025;8;0;19;0,0
HRJP;UNIDADE INTERNAÇÃO - CLÍNICA CIRÚRGICA ALA B;2025;8;2;9;0,2222222222222222
HRJP;UNIDADE INTERNAÇÃO - CLÍNICA CIRÚRGICA ALA C;2025;8;1;33;0,030303030303030304
HRJP;UNIDADE INTERNAÇÃO - CLÍNICA MÉDICA ALA A;2025;8;0;46;0,0
HRJP;UNIDADE INTERNAÇÃO - CLÍNICA MÉDICA ALA B;2025;8;6;28;0,21428571428571427
HRJP;UNIDADE INTERNAÇÃO - CLÍNICA MÉDICA ALA C;2025;8;1;23;0,043478260869565216
HRJP;UNIDADE INTERNAÇÃO - CLÍNICA PEDIÁTRICA;2025;8;9;71;0,1267605633802817
HRJP;UNIDADE INTERNAÇÃO - CLÍNICA PSIQUIÁTRICA ALA A;2025;8;0;4;0,0
HRJP;UNIDADE INTERNAÇÃO - CLÍNICA PSIQUIÁTRICA ALA C;2025;8;0;1;0,0
HRJP;UNIDADE INTERNAÇÃO - CLÍNICA TISIOLÓGICA ALA C;2025;8;0;5;0,0
HRJP;UTI - ADULTO;2025;8;1;2;0,5
HRJP;UTI - NEONATAL I;2025;8;0;2;0,0
HRJP;UTI - NEONATAL II;2025;8;0;6;0,0
HRJP;UTI - PEDIÁTRICO;2025;8;0;3;0,0
HRJP;ALOJAMENTO CONJUNTO /UNIDADE DE INTERNAÇÃO;2025;9;0;140;0,0
HRJP;UNIDADE DE INTERNAÇÃO - CLÍNICA DIP ALA C;2025;9;1;19;0,05263157894736842
HRJP;UNIDADE INTERNAÇÃO - CLÍNICA CIRÚRGICA ALA A;2025;9;0;15;0,0
HRJP;UNIDADE INTERNAÇÃO - CLÍNICA CIRÚRGICA ALA B;2025;9;2;16;0,125
HRJP;UNIDADE INTERNAÇÃO - CLÍNICA CIRÚRGICA ALA C;2025;9;1;26;0,038461538461538464
HRJP;UNIDADE INTERNAÇÃO - CLÍNICA MÉDICA ALA A;2025;9;4;47;0,0851063829787234
HRJP;UNIDADE INTERNAÇÃO - CLÍNICA MÉDICA ALA B;2025;9;6;46;0,13043478260869565
HRJP;UNIDADE INTERNAÇÃO - CLÍNICA MÉDICA ALA C;2025;9;0;24;0,0
HRJP;UNIDADE INTERNAÇÃO - CLÍNICA PEDIÁTRICA;2025;9;5;71;0,07042253521126761
HRJP;UNIDADE INTERNAÇÃO - CLÍNICA PSIQUIÁTRICA ALA A;2025;9;0;5;0,0
HRJP;UNIDADE INTERNAÇÃO - CLÍNICA PSIQUIÁTRICA ALA C;2025;9;1;3;0,3333333333333333
HRJP;UNIDADE INTERNAÇÃO - CLÍNICA TISIOLÓGICA ALA B;2025;9;1;3;0,3333333333333333
HRJP;UTI - ADULTO;2025;9;3;8;0,375
HRJP;UTI - NEONATAL I;2025;9;1;8;0,125
HRJP;UTI - NEONATAL II;2025;9;0;2;0,0
HRJP;UTI - PEDIÁTRICO;2025;9;0;3;0,0
HRJP;ALOJAMENTO CONJUNTO /UNIDADE DE INTERNAÇÃO;2025;10;0;161;0,0
HRJP;UNIDADE DE INTERNAÇÃO - CLÍNICA DIP ALA C;2025;10;2;16;0,125
HRJP;UNIDADE INTERNAÇÃO - CLÍNICA CIRÚRGICA ALA A;2025;10;0;19;0,0
HRJP;UNIDADE INTERNAÇÃO - CLÍNICA CIRÚRGICA ALA B;2025;10;1;10;0,1
HRJP;UNIDADE INTERNAÇÃO - CLÍNICA CIRÚRGICA ALA C;2025;10;0;24;0,0
HRJP;UNIDADE INTERNAÇÃO - CLÍNICA MÉDICA ALA A;2025;10;1;46;0,021739130434782608
HRJP;UNIDADE INTERNAÇÃO - CLÍNICA MÉDICA ALA B;2025;10;3;47;0,06382978723404255
HRJP;UNIDADE INTERNAÇÃO - CLÍNICA MÉDICA ALA C;2025;10;1;28;0,03571428571428571
HRJP;UNIDADE INTERNAÇÃO - CLÍNICA PEDIÁTRICA;2025;10;2;70;0,02857142857142857
HRJP;UNIDADE INTERNAÇÃO - CLÍNICA PSIQUIÁTRICA ALA A;2025;10;3;10;0,3
HRJP;UNIDADE INTERNAÇÃO - CLÍNICA PSIQUIÁTRICA ALA C;2025;10;0;6;0,0
HRJP;UNIDADE INTERNAÇÃO - CLÍNICA TISIOLÓGICA ALA B;2025;10;0;3;0,0
HRJP;UNIDADE INTERNAÇÃO - CLÍNICA TISIOLÓGICA ALA C;2025;10;0;6;0,0
HRJP;UTI - ADULTO;2025;10;3;17;0,17647058823529413
HRJP;UTI - NEONATAL I;2025;10;0;11;0,0
HRJP;UTI - NEONATAL II;2025;10;3;5;0,6
HRJP;UTI - PEDIÁTRICO;2025;10;1;2;0,5
HRJP;ALOJAMENTO CONJUNTO /UNIDADE DE INTERNAÇÃO;2025;11;0;157;0,0
HRJP;UNIDADE DE INTERNAÇÃO - CLÍNICA DIP ALA C;2025;11;2;27;0,07407407407407407
HRJP;UNIDADE INTERNAÇÃO - CLÍNICA CIRÚRGICA ALA A;2025;11;3;12;0,25
HRJP;UNIDADE INTERNAÇÃO - CLÍNICA CIRÚRGICA ALA B;2025;11;0;3;0,0
HRJP;UNIDADE INTERNAÇÃO - CLÍNICA CIRÚRGICA ALA C;2025;11;0;13;0,0
HRJP;UNIDADE INTERNAÇÃO - CLÍNICA MÉDICA ALA A;2025;11;4;66;0,06060606060606061
HRJP;UNIDADE INTERNAÇÃO - CLÍNICA MÉDICA ALA B;2025;11;1;13;0,07692307692307693
HRJP;UNIDADE INTERNAÇÃO - CLÍNICA MÉDICA ALA C;2025;11;2;15;0,13333333333333333
HRJP;UNIDADE INTERNAÇÃO - CLÍNICA PEDIÁTRICA;2025;11;5;64;0,078125
HRJP;UNIDADE INTERNAÇÃO - CLÍNICA PSIQUIÁTRICA ALA A;2025;11;0;17;0,0
HRJP;UNIDADE INTERNAÇÃO - CLÍNICA PSIQUIÁTRICA ALA C;2025;11;0;12;0,0
HRJP;UNIDADE INTERNAÇÃO - CLÍNICA TISIOLÓGICA ALA C;2025;11;0;5;0,0
HRJP;UTI - ADULTO;2025;11;1;9;0,1111111111111111
HRJP;UTI - NEONATAL I;2025;11;0;5;0,0
HRJP;UTI - PEDIÁTRICO;2025;11;1;7;0,14285714285714285
HRJP;ALOJAMENTO CONJUNTO /UNIDADE DE INTERNAÇÃO;2025;12;0;149;0,0
HRJP;PRÉ-PARTO;2025;12;1;1;1,0
HRJP;UNIDADE DE INTERNAÇÃO - CLÍNICA DIP ALA C;2025;12;2;20;0,1
HRJP;UNIDADE INTERNAÇÃO - CLÍNICA CIRÚRGICA ALA A;2025;12;0;12;0,0
HRJP;UNIDADE INTERNAÇÃO - CLÍNICA CIRÚRGICA ALA B;2025;12;1;21;0,047619047619047616
HRJP;UNIDADE INTERNAÇÃO - CLÍNICA CIRÚRGICA ALA C;2025;12;1;11;0,09090909090909091
HRJP;UNIDADE INTERNAÇÃO - CLÍNICA MÉDICA ALA A;2025;12;3;28;0,10714285714285714
HRJP;UNIDADE INTERNAÇÃO - CLÍNICA MÉDICA ALA B;2025;12;2;67;0,029850746268656716
HRJP;UNIDADE INTERNAÇÃO - CLÍNICA MÉDICA ALA C;2025;12;1;13;0,07692307692307693
HRJP;UNIDADE INTERNAÇÃO - CLÍNICA PEDIÁTRICA;2025;12;6;54;0,1111111111111111
HRJP;UNIDADE INTERNAÇÃO - CLÍNICA PSIQUIÁTRICA ALA A;2025;12;0;1;0,0
HRJP;UNIDADE INTERNAÇÃO - CLÍNICA PSIQUIÁTRICA ALA C;2025;12;0;5;0,0
HRJP;UNIDADE INTERNAÇÃO - CLÍNICA TISIOLÓGICA ALA B;2025;12;0;5;0,0
HRJP;UNIDADE INTERNAÇÃO - CLÍNICA TISIOLÓGICA ALA C;2025;12;0;4;0,0
HRJP;UTI - ADULTO;2025;12;2;11;0,18181818181818182
HRJP;UTI - NEONATAL I;2025;12;0;8;0,0
HRJP;UTI - PEDIÁTRICO;2025;12;1;8;0,125
HRJP;ALOJAMENTO CONJUNTO /UNIDADE DE INTERNAÇÃO;2026;1;2;170;0,011764705882352941
HRJP;UNIDADE INTERNAÇÃO - CLÍNICA CIRÚRGICA ALA A;2026;1;1;14;0,07142857142857142
HRJP;UNIDADE INTERNAÇÃO - CLÍNICA CIRÚRGICA ALA B;2026;1;0;10;0,0
HRJP;UNIDADE INTERNAÇÃO - CLÍNICA CIRÚRGICA ALA C;2026;1;0;1;0,0
HRJP;UNIDADE INTERNAÇÃO - CLÍNICA MÉDICA ALA A;2026;1;0;40;0,0
HRJP;UNIDADE INTERNAÇÃO - CLÍNICA MÉDICA ALA B;2026;1;3;53;0,05660377358490566
HRJP;UNIDADE INTERNAÇÃO - CLÍNICA PEDIÁTRICA;2026;1;3;62;0,04838709677419355
HRJP;UNIDADE INTERNAÇÃO - CLÍNICA TISIOLÓGICA ALA B;2026;1;1;2;0,5
HRJP;UTI - ADULTO;2026;1;1;11;0,09090909090909091
HRJP;UTI - NEONATAL I;2026;1;0;6;0,0
HRJP;UTI - PEDIÁTRICO;2026;1;1;2;0,5
HRJP;ALOJAMENTO CONJUNTO /UNIDADE DE INTERNAÇÃO;2026;2;0;156;0,0
HRJP;UNIDADE INTERNAÇÃO - CLÍNICA CIRÚRGICA ALA A;2026;2;0;21;0,0
HRJP;UNIDADE INTERNAÇÃO - CLÍNICA CIRÚRGICA ALA B;2026;2;2;10;0,2
HRJP;UNIDADE INTERNAÇÃO - CLÍNICA CIRÚRGICA ALA C;2026;2;0;2;0,0
HRJP;UNIDADE INTERNAÇÃO - CLÍNICA MÉDICA ALA A;2026;2;2;52;0,038461538461538464
HRJP;UNIDADE INTERNAÇÃO - CLÍNICA MÉDICA ALA B;2026;2;4;83;0,04819277108433735
HRJP;UNIDADE INTERNAÇÃO - CLÍNICA MÉDICA ALA C;2026;2;0;2;0,0
HRJP;UNIDADE INTERNAÇÃO - CLÍNICA PEDIÁTRICA;2026;2;5;55;0,09090909090909091
HRJP;UNIDADE INTERNAÇÃO - CLÍNICA TISIOLÓGICA ALA B;2026;2;0;2;0,0
HRJP;UTI - ADULTO;2026;2;1;11;0,09090909090909091
HRJP;UTI - PEDIÁTRICO;2026;2;1;4;0,25
HRJP;ALOJAMENTO CONJUNTO /UNIDADE DE INTERNAÇÃO;2026;3;0;156;0,0
HRJP;PRÉ-PARTO;2026;3;0;1;0,0
HRJP;UNIDADE INTERNAÇÃO - CLÍNICA CIRÚRGICA ALA A;2026;3;2;29;0,06896551724137931
HRJP;UNIDADE INTERNAÇÃO - CLÍNICA CIRÚRGICA ALA B;2026;3;2;43;0,046511627906976744
HRJP;UNIDADE INTERNAÇÃO - CLÍNICA MÉDICA ALA A;2026;3;1;108;0,009259259259259259
HRJP;UNIDADE INTERNAÇÃO - CLÍNICA MÉDICA ALA B;2026;3;4;79;0,05063291139240506
HRJP;UNIDADE INTERNAÇÃO - CLÍNICA MÉDICA ALA C;2026;3;0;16;0,0
HRJP;UNIDADE INTERNAÇÃO - CLÍNICA PEDIÁTRICA;2026;3;8;72;0,1111111111111111
HRJP;UNIDADE INTERNAÇÃO - CLÍNICA PSIQUIÁTRICA ALA A;2026;3;0;4;0,0
HRJP;UNIDADE INTERNAÇÃO - CLÍNICA PSIQUIÁTRICA ALA C;2026;3;0;1;0,0
HRJP;UNIDADE INTERNAÇÃO - CLÍNICA TISIOLÓGICA ALA B;2026;3;2;2;1,0
HRJP;UTI - ADULTO;2026;3;2;12;0,16666666666666666
HRJP;UTI - NEONATAL I;2026;3;2;2;1,0
HRJP;UTI - PEDIÁTRICO;2026;3;0;2;0,0
HRJP;ALOJAMENTO CONJUNTO /UNIDADE DE INTERNAÇÃO;2026;4;0;180;0,0
HRJP;PRÉ-PARTO;2026;4;0;3;0,0
HRJP;UNIDADE INTERNAÇÃO - CLÍNICA CIRÚRGICA ALA A;2026;4;1;35;0,02857142857142857
HRJP;UNIDADE INTERNAÇÃO - CLÍNICA CIRÚRGICA ALA B;2026;4;1;36;0,027777777777777776
HRJP;UNIDADE INTERNAÇÃO - CLÍNICA MÉDICA ALA A;2026;4;1;102;0,00980392156862745
HRJP;UNIDADE INTERNAÇÃO - CLÍNICA MÉDICA ALA B;2026;4;2;84;0,023809523809523808
HRJP;UNIDADE INTERNAÇÃO - CLÍNICA MÉDICA ALA C;2026;4;0;6;0,0
HRJP;UNIDADE INTERNAÇÃO - CLÍNICA PEDIÁTRICA;2026;4;4;60;0,06666666666666667
HRJP;UNIDADE INTERNAÇÃO - CLÍNICA PSIQUIÁTRICA ALA A;2026;4;0;2;0,0
HRJP;UTI - ADULTO;2026;4;4;17;0,23529411764705882
HRJP;UTI - NEONATAL I;2026;4;1;1;1,0
HRJP;UTI - PEDIÁTRICO;2026;4;0;6;0,0
HRJP;ALOJAMENTO CONJUNTO /UNIDADE DE INTERNAÇÃO;2026;5;0;166;0,0
HRJP;PRÉ-PARTO;2026;5;0;2;0,0
HRJP;UNIDADE DE INTERNAÇÃO - CLÍNICA DIP ALA C;2026;5;1;15;0,06666666666666667
HRJP;UNIDADE INTERNAÇÃO - CLÍNICA CIRÚRGICA ALA A;2026;5;1;17;0,058823529411764705
HRJP;UNIDADE INTERNAÇÃO - CLÍNICA CIRÚRGICA ALA B;2026;5;1;29;0,034482758620689655
HRJP;UNIDADE INTERNAÇÃO - CLÍNICA CIRÚRGICA ALA C;2026;5;1;19;0,05263157894736842
HRJP;UNIDADE INTERNAÇÃO - CLÍNICA MÉDICA ALA A;2026;5;1;52;0,019230769230769232
HRJP;UNIDADE INTERNAÇÃO - CLÍNICA MÉDICA ALA B;2026;5;0;81;0,0
HRJP;UNIDADE INTERNAÇÃO - CLÍNICA MÉDICA ALA C;2026;5;2;19;0,10526315789473684
HRJP;UNIDADE INTERNAÇÃO - CLÍNICA PEDIÁTRICA;2026;5;11;57;0,19298245614035087
HRJP;UNIDADE INTERNAÇÃO - CLÍNICA PSIQUIÁTRICA ALA A;2026;5;1;2;0,5
HRJP;UNIDADE INTERNAÇÃO - CLÍNICA PSIQUIÁTRICA ALA C;2026;5;0;3;0,0
HRJP;UNIDADE INTERNAÇÃO - CLÍNICA TISIOLÓGICA ALA B;2026;5;0;1;0,0
HRJP;UNIDADE INTERNAÇÃO - CLÍNICA TISIOLÓGICA ALA C;2026;5;0;1;0,0
HRJP;UTI - ADULTO;2026;5;1;17;0,058823529411764705
HRJP;UTI - NEONATAL I;2026;5;0;2;0,0
HRJP;UTI - PEDIÁTRICO;2026;5;0;1;0,0
IRS;UNIDADE DE URGÊNCIA - CLINICA PSIQUIÁTRICA SALA DE OBSERVAÇAO;2023;1;1;13;0,07692307692307693
IRS;UNIDADE INTERNAÇÃO - PSIQUIATRIA ALA A;2023;1;3;21;0,14285714285714285
IRS;UNIDADE INTERNAÇÃO - PSIQUIATRIA ALA B;2023;1;4;18;0,2222222222222222
IRS;UNIDADE INTERNAÇÃO - PSIQUIATRIA ALA C;2023;1;4;27;0,14814814814814814
IRS;UNIDADE INTERNAÇÃO - PSIQUIATRIA ALA E;2023;1;3;13;0,23076923076923078
IRS;UNIDADE INTERNAÇÃO - PSIQUIATRIA UNIDADE DE TRATAMENTO CLÍNICO;2023;1;2;3;0,6666666666666666
IRS;UNIDADE DE URGÊNCIA - CLINICA PSIQUIÁTRICA SALA DE OBSERVAÇAO;2023;2;0;13;0,0
IRS;UNIDADE INTERNAÇÃO - PSIQUIATRIA ALA A;2023;2;2;13;0,15384615384615385
IRS;UNIDADE INTERNAÇÃO - PSIQUIATRIA ALA B;2023;2;2;8;0,25
IRS;UNIDADE INTERNAÇÃO - PSIQUIATRIA ALA C;2023;2;4;23;0,17391304347826086
IRS;UNIDADE INTERNAÇÃO - PSIQUIATRIA ALA D;2023;2;0;1;0,0
IRS;UNIDADE INTERNAÇÃO - PSIQUIATRIA ALA E;2023;2;2;16;0,125
IRS;UNIDADE INTERNAÇÃO - PSIQUIATRIA ALA F;2023;2;0;2;0,0
IRS;UNIDADE INTERNAÇÃO - PSIQUIATRIA UNIDADE DE TRATAMENTO CLÍNICO;2023;2;2;2;1,0
IRS;UNIDADE DE URGÊNCIA - CLINICA PSIQUIÁTRICA SALA DE OBSERVAÇAO;2023;3;0;10;0,0
IRS;UNIDADE INTERNAÇÃO - PSIQUIATRIA ALA A;2023;3;7;20;0,35
IRS;UNIDADE INTERNAÇÃO - PSIQUIATRIA ALA B;2023;3;5;22;0,22727272727272727
IRS;UNIDADE INTERNAÇÃO - PSIQUIATRIA ALA C;2023;3;12;27;0,4444444444444444
IRS;UNIDADE INTERNAÇÃO - PSIQUIATRIA ALA E;2023;3;5;14;0,35714285714285715
IRS;UNIDADE INTERNAÇÃO - PSIQUIATRIA ALA F;2023;3;0;1;0,0
IRS;UNIDADE INTERNAÇÃO - PSIQUIATRIA UNIDADE DE TRATAMENTO CLÍNICO;2023;3;3;3;1,0
IRS;UNIDADE DE URGÊNCIA - CLINICA PSIQUIÁTRICA SALA DE OBSERVAÇAO;2023;4;0;7;0,0
IRS;UNIDADE INTERNAÇÃO - PSIQUIATRIA ALA A;2023;4;4;12;0,3333333333333333
IRS;UNIDADE INTERNAÇÃO - PSIQUIATRIA ALA B;2023;4;3;12;0,25
IRS;UNIDADE INTERNAÇÃO - PSIQUIATRIA ALA C;2023;4;7;30;0,23333333333333334
IRS;UNIDADE INTERNAÇÃO - PSIQUIATRIA ALA E;2023;4;7;16;0,4375
IRS;UNIDADE INTERNAÇÃO - PSIQUIATRIA UNIDADE DE TRATAMENTO CLÍNICO;2023;4;1;1;1,0
IRS;UNIDADE DE URGÊNCIA - CLINICA PSIQUIÁTRICA SALA DE OBSERVAÇAO;2023;5;0;10;0,0
IRS;UNIDADE INTERNAÇÃO - PSIQUIATRIA ALA A;2023;5;4;18;0,2222222222222222
IRS;UNIDADE INTERNAÇÃO - PSIQUIATRIA ALA B;2023;5;5;22;0,22727272727272727
IRS;UNIDADE INTERNAÇÃO - PSIQUIATRIA ALA C;2023;5;4;35;0,11428571428571428
IRS;UNIDADE INTERNAÇÃO - PSIQUIATRIA ALA E;2023;5;5;16;0,3125
IRS;UNIDADE INTERNAÇÃO - PSIQUIATRIA UNIDADE DE TRATAMENTO CLÍNICO;2023;5;1;5;0,2
IRS;UNIDADE DE URGÊNCIA - CLINICA PSIQUIÁTRICA SALA DE OBSERVAÇAO;2023;6;0;11;0,0
IRS;UNIDADE INTERNAÇÃO - PSIQUIATRIA ALA A;2023;6;6;11;0,5454545454545454
IRS;UNIDADE INTERNAÇÃO - PSIQUIATRIA ALA B;2023;6;5;17;0,29411764705882354
IRS;UNIDADE INTERNAÇÃO - PSIQUIATRIA ALA C;2023;6;11;30;0,36666666666666664
IRS;UNIDADE INTERNAÇÃO - PSIQUIATRIA ALA E;2023;6;6;19;0,3157894736842105
IRS;UNIDADE INTERNAÇÃO - PSIQUIATRIA UNIDADE DE TRATAMENTO CLÍNICO;2023;6;2;4;0,5
IRS;UNIDADE DE URGÊNCIA - CLINICA PSIQUIÁTRICA SALA DE OBSERVAÇAO;2023;7;1;10;0,1
IRS;UNIDADE INTERNAÇÃO - PSIQUIATRIA ALA A;2023;7;4;17;0,23529411764705882
IRS;UNIDADE INTERNAÇÃO - PSIQUIATRIA ALA B;2023;7;4;13;0,3076923076923077
IRS;UNIDADE INTERNAÇÃO - PSIQUIATRIA ALA C;2023;7;4;32;0,125
IRS;UNIDADE INTERNAÇÃO - PSIQUIATRIA ALA E;2023;7;7;17;0,4117647058823529
IRS;UNIDADE INTERNAÇÃO - PSIQUIATRIA UNIDADE DE TRATAMENTO CLÍNICO;2023;7;0;1;0,0
IRS;ALA A;2023;8;8;14;0,5714285714285714
IRS;ALA B;2023;8;2;12;0,16666666666666666
IRS;ALA C;2023;8;3;22;0,13636363636363635
IRS;ALA E;2023;8;4;17;0,23529411764705882
IRS;UNIDADE DE URGÊNCIA - CLINICA PSIQUIÁTRICA SALA DE OBSERVAÇAO;2023;8;0;1;0,0
IRS;UNIDADE INTERNAÇÃO - PSIQUIATRIA ALA C;2023;8;0;1;0,0
IRS;UNIDADE URGÊNCIA/EMERGÊNCIA - OBSERVAÇÃO;2023;8;0;8;0,0
IRS;UTC - UNIDADE DE TRATAMENTO CLÍNICO;2023;8;2;5;0,4
IRS;ALA A;2023;9;6;17;0,35294117647058826
IRS;ALA B;2023;9;9;29;0,3103448275862069
IRS;ALA C;2023;9;5;21;0,23809523809523808
IRS;ALA E;2023;9;5;11;0,45454545454545453
IRS;UNIDADE URGÊNCIA/EMERGÊNCIA - OBSERVAÇÃO;2023;9;1;6;0,16666666666666666
IRS;UTC - UNIDADE DE TRATAMENTO CLÍNICO;2023;9;1;3;0,3333333333333333
IRS;ALA A;2023;10;7;21;0,3333333333333333
IRS;ALA B;2023;10;3;20;0,15
IRS;ALA C;2023;10;6;33;0,18181818181818182
IRS;ALA E;2023;10;9;23;0,391304347826087
IRS;UNIDADE URGÊNCIA/EMERGÊNCIA - OBSERVAÇÃO;2023;10;0;10;0,0
IRS;UTC - UNIDADE DE TRATAMENTO CLÍNICO;2023;10;1;2;0,5
IRS;ALA A;2023;11;9;19;0,47368421052631576
IRS;ALA B;2023;11;8;21;0,38095238095238093
IRS;ALA C;2023;11;7;30;0,23333333333333334
IRS;ALA E;2023;11;5;13;0,38461538461538464
IRS;UNIDADE URGÊNCIA/EMERGÊNCIA - OBSERVAÇÃO;2023;11;0;9;0,0
IRS;UTC - UNIDADE DE TRATAMENTO CLÍNICO;2023;11;1;3;0,3333333333333333
IRS;ALA A;2023;12;8;19;0,42105263157894735
IRS;ALA B;2023;12;7;16;0,4375
IRS;ALA C;2023;12;3;23;0,13043478260869565
IRS;ALA E;2023;12;8;17;0,47058823529411764
IRS;UNIDADE URGÊNCIA/EMERGÊNCIA - OBSERVAÇÃO;2023;12;0;6;0,0
IRS;UTC - UNIDADE DE TRATAMENTO CLÍNICO;2023;12;2;5;0,4
IRS;ALA A;2024;1;4;14;0,2857142857142857
IRS;ALA B;2024;1;2;14;0,14285714285714285
IRS;ALA C;2024;1;1;13;0,07692307692307693
IRS;ALA D;2024;1;2;10;0,2
IRS;ALA E;2024;1;3;18;0,16666666666666666
IRS;UNIDADE URGÊNCIA/EMERGÊNCIA - OBSERVAÇÃO;2024;1;0;11;0,0
IRS;UTC - UNIDADE DE TRATAMENTO CLÍNICO;2024;1;0;1;0,0
IRS;ALA A;2024;2;10;22;0,45454545454545453
IRS;ALA B;2024;2;3;20;0,15
IRS;ALA C;2024;2;4;28;0,14285714285714285
IRS;ALA E;2024;2;0;4;0,0
IRS;ALA F;2024;2;1;5;0,2
IRS;UNIDADE URGÊNCIA/EMERGÊNCIA - OBSERVAÇÃO;2024;2;0;12;0,0
IRS;UTC - UNIDADE DE TRATAMENTO CLÍNICO;2024;2;2;2;1,0
IRS;ALA A;2024;3;4;11;0,36363636363636365
IRS;ALA B;2024;3;7;18;0,3888888888888889
IRS;ALA C;2024;3;2;13;0,15384615384615385
IRS;ALA E;2024;3;4;17;0,23529411764705882
IRS;UNIDADE URGÊNCIA/EMERGÊNCIA - OBSERVAÇÃO;2024;3;0;16;0,0
IRS;UTC - UNIDADE DE TRATAMENTO CLÍNICO;2024;3;4;6;0,6666666666666666
IRS;ALA A;2024;4;1;15;0,06666666666666667
IRS;ALA B;2024;4;2;14;0,14285714285714285
IRS;ALA C;2024;4;3;15;0,2
IRS;ALA E;2024;4;4;15;0,26666666666666666
IRS;UNIDADE URGÊNCIA/EMERGÊNCIA - OBSERVAÇÃO;2024;4;1;13;0,07692307692307693
IRS;UTC - UNIDADE DE TRATAMENTO CLÍNICO;2024;4;1;3;0,3333333333333333
IRS;ALA A;2024;5;5;14;0,35714285714285715
IRS;ALA B;2024;5;4;11;0,36363636363636365
IRS;ALA C;2024;5;3;12;0,25
IRS;ALA E;2024;5;4;16;0,25
IRS;UNIDADE URGÊNCIA/EMERGÊNCIA - OBSERVAÇÃO;2024;5;0;18;0,0
IRS;UTC - UNIDADE DE TRATAMENTO CLÍNICO;2024;5;1;3;0,3333333333333333
IRS;ALA A;2024;6;5;12;0,4166666666666667
IRS;ALA B;2024;6;3;7;0,42857142857142855
IRS;ALA C;2024;6;5;13;0,38461538461538464
IRS;ALA E;2024;6;3;19;0,15789473684210525
IRS;ALA F;2024;6;0;3;0,0
IRS;UNIDADE URGÊNCIA/EMERGÊNCIA - OBSERVAÇÃO;2024;6;0;14;0,0
IRS;UTC - UNIDADE DE TRATAMENTO CLÍNICO;2024;6;3;4;0,75
IRS;ALA A;2024;7;4;16;0,25
IRS;ALA B;2024;7;4;13;0,3076923076923077
IRS;ALA C;2024;7;5;17;0,29411764705882354
IRS;ALA E;2024;7;4;18;0,2222222222222222
IRS;UNIDADE URGÊNCIA/EMERGÊNCIA - OBSERVAÇÃO;2024;7;0;11;0,0
IRS;UTC - UNIDADE DE TRATAMENTO CLÍNICO;2024;7;2;7;0,2857142857142857
IRS;ALA A;2024;8;6;13;0,46153846153846156
IRS;ALA B;2024;8;6;16;0,375
IRS;ALA C;2024;8;7;21;0,3333333333333333
IRS;ALA E;2024;8;3;12;0,25
IRS;UNIDADE URGÊNCIA/EMERGÊNCIA - OBSERVAÇÃO;2024;8;0;8;0,0
IRS;UTC - UNIDADE DE TRATAMENTO CLÍNICO;2024;8;1;3;0,3333333333333333
IRS;ALA A;2024;9;3;10;0,3
IRS;ALA B;2024;9;1;12;0,08333333333333333
IRS;ALA C;2024;9;9;21;0,42857142857142855
IRS;ALA E;2024;9;4;13;0,3076923076923077
IRS;UNIDADE URGÊNCIA/EMERGÊNCIA - OBSERVAÇÃO;2024;9;0;9;0,0
IRS;UTC - UNIDADE DE TRATAMENTO CLÍNICO;2024;9;3;6;0,5
IRS;ALA A;2024;10;6;17;0,35294117647058826
IRS;ALA B;2024;10;4;12;0,3333333333333333
IRS;ALA C;2024;10;5;23;0,21739130434782608
IRS;ALA D;2024;10;4;8;0,5
IRS;ALA E;2024;10;0;1;0,0
IRS;UNIDADE URGÊNCIA/EMERGÊNCIA - OBSERVAÇÃO;2024;10;1;10;0,1
IRS;UTC - UNIDADE DE TRATAMENTO CLÍNICO;2024;10;2;5;0,4
IRS;ALA A;2024;11;5;13;0,38461538461538464
IRS;ALA B;2024;11;2;12;0,16666666666666666
IRS;ALA C;2024;11;6;17;0,35294117647058826
IRS;ALA D;2024;11;6;13;0,46153846153846156
IRS;UNIDADE URGÊNCIA/EMERGÊNCIA - OBSERVAÇÃO;2024;11;0;8;0,0
IRS;UTC - UNIDADE DE TRATAMENTO CLÍNICO;2024;11;3;6;0,5
IRS;ALA A;2024;12;4;14;0,2857142857142857
IRS;ALA B;2024;12;7;16;0,4375
IRS;ALA C;2024;12;4;17;0,23529411764705882
IRS;ALA D;2024;12;5;9;0,5555555555555556
IRS;UNIDADE URGÊNCIA/EMERGÊNCIA - OBSERVAÇÃO;2024;12;1;7;0,14285714285714285
IRS;UTC - UNIDADE DE TRATAMENTO CLÍNICO;2024;12;0;4;0,0
IRS;ALA A;2025;1;3;10;0,3
IRS;ALA B;2025;1;2;10;0,2
IRS;ALA C;2025;1;4;21;0,19047619047619047
IRS;ALA D;2025;1;8;15;0,5333333333333333
IRS;UNIDADE URGÊNCIA/EMERGÊNCIA - OBSERVAÇÃO;2025;1;0;7;0,0
IRS;UTC - UNIDADE DE TRATAMENTO CLÍNICO;2025;1;1;3;0,3333333333333333
IRS;ALA A;2025;2;4;14;0,2857142857142857
IRS;ALA B;2025;2;2;5;0,4
IRS;ALA C;2025;2;4;12;0,3333333333333333
IRS;ALA D;2025;2;1;5;0,2
IRS;UNIDADE URGÊNCIA/EMERGÊNCIA - OBSERVAÇÃO;2025;2;0;8;0,0
IRS;UTC - UNIDADE DE TRATAMENTO CLÍNICO;2025;2;1;6;0,16666666666666666
IRS;ALA A;2025;3;6;15;0,4
IRS;ALA B;2025;3;7;15;0,4666666666666667
IRS;ALA C;2025;3;5;21;0,23809523809523808
IRS;ALA D;2025;3;6;16;0,375
IRS;UNIDADE URGÊNCIA/EMERGÊNCIA - OBSERVAÇÃO;2025;3;1;13;0,07692307692307693
IRS;UTC - UNIDADE DE TRATAMENTO CLÍNICO;2025;3;0;2;0,0
IRS;ALA A;2025;4;3;11;0,2727272727272727
IRS;ALA B;2025;4;3;11;0,2727272727272727
IRS;ALA C;2025;4;4;20;0,2
IRS;ALA D;2025;4;4;16;0,25
IRS;UNIDADE URGÊNCIA/EMERGÊNCIA - OBSERVAÇÃO;2025;4;0;5;0,0
IRS;UTC - UNIDADE DE TRATAMENTO CLÍNICO;2025;4;2;4;0,5
IRS;ALA A;2025;5;7;20;0,35
IRS;ALA B;2025;5;6;15;0,4
IRS;ALA C;2025;5;6;18;0,3333333333333333
IRS;ALA D;2025;5;6;17;0,35294117647058826
IRS;UNIDADE URGÊNCIA/EMERGÊNCIA - OBSERVAÇÃO;2025;5;0;7;0,0
IRS;UTC - UNIDADE DE TRATAMENTO CLÍNICO;2025;5;2;7;0,2857142857142857
IRS;ALA A;2025;6;6;15;0,4
IRS;ALA B;2025;6;4;11;0,36363636363636365
IRS;ALA C;2025;6;7;21;0,3333333333333333
IRS;ALA D;2025;6;6;15;0,4
IRS;UNIDADE URGÊNCIA/EMERGÊNCIA - OBSERVAÇÃO;2025;6;0;7;0,0
IRS;UTC - UNIDADE DE TRATAMENTO CLÍNICO;2025;6;1;3;0,3333333333333333
IRS;ALA A;2025;7;5;20;0,25
IRS;ALA B;2025;7;7;15;0,4666666666666667
IRS;ALA C;2025;7;6;16;0,375
IRS;ALA D;2025;7;6;18;0,3333333333333333
IRS;UNIDADE URGÊNCIA/EMERGÊNCIA - OBSERVAÇÃO;2025;7;1;8;0,125
IRS;UTC - UNIDADE DE TRATAMENTO CLÍNICO;2025;7;2;4;0,5
IRS;ALA A;2025;8;6;13;0,46153846153846156
IRS;ALA B;2025;8;2;14;0,14285714285714285
IRS;ALA C;2025;8;4;20;0,2
IRS;ALA D;2025;8;8;11;0,7272727272727273
IRS;UNIDADE URGÊNCIA/EMERGÊNCIA - OBSERVAÇÃO;2025;8;0;8;0,0
IRS;UTC - UNIDADE DE TRATAMENTO CLÍNICO;2025;8;1;4;0,25
IRS;ALA A;2025;9;6;16;0,375
IRS;ALA B;2025;9;5;18;0,2777777777777778
IRS;ALA C;2025;9;1;12;0,08333333333333333
IRS;ALA D;2025;9;4;10;0,4
IRS;UNIDADE URGÊNCIA/EMERGÊNCIA - OBSERVAÇÃO;2025;9;0;5;0,0
IRS;UTC - UNIDADE DE TRATAMENTO CLÍNICO;2025;9;1;5;0,2
IRS;ALA A;2025;10;4;13;0,3076923076923077
IRS;ALA B;2025;10;5;17;0,29411764705882354
IRS;ALA C;2025;10;7;27;0,25925925925925924
IRS;ALA D;2025;10;7;15;0,4666666666666667
IRS;UNIDADE URGÊNCIA/EMERGÊNCIA - OBSERVAÇÃO;2025;10;0;16;0,0
IRS;UTC - UNIDADE DE TRATAMENTO CLÍNICO;2025;10;0;2;0,0
IRS;ALA A;2025;11;9;16;0,5625
IRS;ALA B;2025;11;4;18;0,2222222222222222
IRS;ALA C;2025;11;4;13;0,3076923076923077
IRS;ALA D;2025;11;6;14;0,42857142857142855
IRS;UNIDADE URGÊNCIA/EMERGÊNCIA - OBSERVAÇÃO;2025;11;0;7;0,0
IRS;UTC - UNIDADE DE TRATAMENTO CLÍNICO;2025;11;3;5;0,6
IRS;ALA A;2025;12;1;18;0,05555555555555555
IRS;ALA B;2025;12;6;12;0,5
IRS;ALA C;2025;12;6;14;0,42857142857142855
IRS;ALA D;2025;12;10;19;0,5263157894736842
IRS;UNIDADE URGÊNCIA/EMERGÊNCIA - OBSERVAÇÃO;2025;12;0;9;0,0
IRS;UTC - UNIDADE DE TRATAMENTO CLÍNICO;2025;12;1;5;0,2
IRS;ALA A;2026;1;2;11;0,18181818181818182
IRS;ALA B;2026;1;5;15;0,3333333333333333
IRS;ALA C;2026;1;3;16;0,1875
IRS;ALA D;2026;1;2;12;0,16666666666666666
IRS;UNIDADE URGÊNCIA/EMERGÊNCIA - OBSERVAÇÃO;2026;1;0;4;0,0
IRS;UTC - UNIDADE DE TRATAMENTO CLÍNICO;2026;1;2;3;0,6666666666666666
IRS;ALA A;2026;2;8;17;0,47058823529411764
IRS;ALA B;2026;2;1;11;0,09090909090909091
IRS;ALA C;2026;2;3;14;0,21428571428571427
IRS;ALA D;2026;2;6;14;0,42857142857142855
IRS;UNIDADE URGÊNCIA/EMERGÊNCIA - OBSERVAÇÃO;2026;2;0;5;0,0
IRS;UTC - UNIDADE DE TRATAMENTO CLÍNICO;2026;2;2;5;0,4
IRS;ALA A;2026;3;4;12;0,3333333333333333
IRS;ALA B;2026;3;10;19;0,5263157894736842
IRS;ALA C;2026;3;5;18;0,2777777777777778
IRS;ALA D;2026;3;8;25;0,32
IRS;UNIDADE URGÊNCIA/EMERGÊNCIA - OBSERVAÇÃO;2026;3;0;16;0,0
IRS;UTC - UNIDADE DE TRATAMENTO CLÍNICO;2026;3;1;3;0,3333333333333333
IRS;ALA A;2026;4;3;15;0,2
IRS;ALA B;2026;4;7;23;0,30434782608695654
IRS;ALA C;2026;4;9;18;0,5
IRS;ALA D;2026;4;2;15;0,13333333333333333
IRS;UNIDADE URGÊNCIA/EMERGÊNCIA - OBSERVAÇÃO;2026;4;0;14;0,0
IRS;UTC - UNIDADE DE TRATAMENTO CLÍNICO;2026;4;2;3;0,6666666666666666
IRS;ALA A;2026;5;5;11;0,45454545454545453
IRS;ALA B;2026;5;3;14;0,21428571428571427
IRS;ALA C;2026;5;3;11;0,2727272727272727
IRS;ALA D;2026;5;4;10;0,4
IRS;UNIDADE URGÊNCIA/EMERGÊNCIA - OBSERVAÇÃO;2026;5;0;8;0,0
IRS;UTC - UNIDADE DE TRATAMENTO CLÍNICO;2026;5;2;8;0,25
MOV;ALOJAMENTO CONJUNTO;2023;1;0;247;0,0
MOV;PRÉ-PARTO;2023;1;0;7;0,0
MOV;UNIDADE INTEMEDIARIA NEONATAL;2023;1;3;14;0,21428571428571427
MOV;UNIDADE INTERNAÇÃO - ALTO RISCO OBSTETRICO;2023;1;0;122;0,0
MOV;UNIDADE INTERNAÇÃO - CLINICA CIRURGICA;2023;1;0;104;0,0
MOV;UNIDADE URGENCIA/EMERGENCIA;2023;1;0;10;0,0
MOV;UTI - ADULTO;2023;1;0;15;0,0
MOV;UTI - NEONATAL;2023;1;0;4;0,0
MOV;ALOJAMENTO CONJUNTO;2023;2;0;231;0,0
MOV;AMBULATORIO CVVS;2023;2;0;1;0,0
MOV;PRE-NATAL DE ALTO RISCO E PUERPERIO PATOLOGICO;2023;2;0;1;0,0
MOV;PRÉ-PARTO;2023;2;0;17;0,0
MOV;UNIDADE INTEMEDIARIA NEONATAL;2023;2;8;28;0,2857142857142857
MOV;UNIDADE INTERNAÇÃO - ALTO RISCO OBSTETRICO;2023;2;1;114;0,008771929824561403
MOV;UNIDADE INTERNAÇÃO - CLINICA CIRURGICA;2023;2;0;93;0,0
MOV;UNIDADE URGENCIA/EMERGENCIA;2023;2;0;8;0,0
MOV;UTI - ADULTO;2023;2;0;17;0,0
MOV;UTI - NEONATAL;2023;2;0;2;0,0
MOV;ALOJAMENTO CONJUNTO;2023;3;0;266;0,0
MOV;AMBULATORIO - ESPECIALIDADES;2023;3;0;1;0,0
MOV;AMBULATORIO CVVS;2023;3;0;2;0,0
MOV;PRE-NATAL DE ALTO RISCO E PUERPERIO PATOLOGICO;2023;3;0;1;0,0
MOV;PRÉ-PARTO;2023;3;0;33;0,0
MOV;UNIDADE INTEMEDIARIA NEONATAL;2023;3;3;37;0,08108108108108109
MOV;UNIDADE INTERNAÇÃO - ALTO RISCO OBSTETRICO;2023;3;0;107;0,0
MOV;UNIDADE INTERNAÇÃO - CLINICA CIRURGICA;2023;3;0;127;0,0
MOV;UNIDADE URGENCIA/EMERGENCIA;2023;3;0;11;0,0
MOV;UTI - ADULTO;2023;3;0;25;0,0
MOV;UTI - NEONATAL;2023;3;1;4;0,25
MOV;ALOJAMENTO CONJUNTO;2023;4;0;241;0,0
MOV;CLINICA CIRÚRGICA;2023;4;0;93;0,0
MOV;PRE-NATAL DE ALTO RISCO E PUERPERIO PATOLOGICO;2023;4;0;1;0,0
MOV;PRÉ-PARTO;2023;4;0;7;0,0
MOV;UNIDADE DE CUIDADO INTERMEDIÁRIO NEONATAL CANGURU;2023;4;2;7;0,2857142857142857
MOV;UNIDADE DE CUIDADO INTERMEDIÁRIO NEONATAL CONVENCIONAL;2023;4;6;18;0,3333333333333333
MOV;UNIDADE INTEMEDIARIA NEONATAL;2023;4;0;9;0,0
MOV;UNIDADE INTERNAÇÃO - ALTO RISCO OBSTETRICO;2023;4;1;23;0,043478260869565216
MOV;UNIDADE INTERNAÇÃO - CLINICA CIRURGICA;2023;4;0;25;0,0
MOV;UNIDADE INTERNACAO ALTO-RISCO OBSTETRICO;2023;4;0;83;0,0
MOV;UNIDADE URGÊNCIA/EMERGÊNCIA - INTERNAÇÃO;2023;4;0;7;0,0
MOV;UTI - ADULTO;2023;4;1;22;0,045454545454545456
MOV;UTI - NEONATAL;2023;4;1;2;0,5
MOV;ALOJAMENTO CONJUNTO;2023;5;0;240;0,0
MOV;CLINICA CIRÚRGICA;2023;5;0;131;0,0
MOV;PRÉ-PARTO;2023;5;0;4;0,0
MOV;SALA DE ESPERA - BLOCO CIRÚRGICO;2023;5;0;1;0,0
MOV;UNIDADE DE CUIDADO INTERMEDIÁRIO NEONATAL CANGURU;2023;5;2;13;0,15384615384615385
MOV;UNIDADE DE CUIDADO INTERMEDIÁRIO NEONATAL CONVENCIONAL;2023;5;2;21;0,09523809523809523
MOV;UNIDADE INTERNACAO ALTO-RISCO OBSTETRICO;2023;5;0;110;0,0
MOV;UNIDADE URGÊNCIA/EMERGÊNCIA - INTERNAÇÃO;2023;5;0;1;0,0
MOV;UTI - ADULTO;2023;5;0;23;0,0
MOV;UTI - NEONATAL;2023;5;0;2;0,0
MOV;ALOJAMENTO CONJUNTO;2023;6;1;240;0,004166666666666667
MOV;CLINICA CIRÚRGICA;2023;6;0;209;0,0
MOV;PRÉ-PARTO;2023;6;0;7;0,0
MOV;SALA DE ESPERA - BLOCO CIRÚRGICO;2023;6;0;1;0,0
MOV;UNIDADE DE CUIDADO INTERMEDIÁRIO NEONATAL CANGURU;2023;6;3;8;0,375
MOV;UNIDADE DE CUIDADO INTERMEDIÁRIO NEONATAL CONVENCIONAL;2023;6;4;17;0,23529411764705882
MOV;UNIDADE INTERNACAO ALTO-RISCO OBSTETRICO;2023;6;1;113;0,008849557522123894
MOV;UNIDADE URGÊNCIA/EMERGÊNCIA - INTERNAÇÃO;2023;6;2;16;0,125
MOV;UTI - ADULTO;2023;6;0;21;0,0
MOV;ALOJAMENTO CONJUNTO;2023;7;0;245;0,0
MOV;CLINICA CIRÚRGICA;2023;7;0;147;0,0
MOV;PRÉ-PARTO;2023;7;0;7;0,0
MOV;SALA DE ESPERA - BLOCO CIRÚRGICO;2023;7;0;1;0,0
MOV;UNIDADE DE CUIDADO INTERMEDIÁRIO NEONATAL CANGURU;2023;7;7;10;0,7
MOV;UNIDADE DE CUIDADO INTERMEDIÁRIO NEONATAL CONVENCIONAL;2023;7;2;15;0,13333333333333333
MOV;UNIDADE INTERNACAO ALTO-RISCO OBSTETRICO;2023;7;0;108;0,0
MOV;UNIDADE URGÊNCIA/EMERGÊNCIA - INTERNAÇÃO;2023;7;0;21;0,0
MOV;UTI - ADULTO;2023;7;0;21;0,0
MOV;UTI - NEONATAL;2023;7;1;5;0,2
MOV;ALOJAMENTO CONJUNTO;2023;8;0;259;0,0
MOV;CLINICA CIRÚRGICA;2023;8;0;156;0,0
MOV;PRÉ-PARTO;2023;8;0;2;0,0
MOV;SALA DE ESPERA - BLOCO CIRÚRGICO;2023;8;0;1;0,0
MOV;UNIDADE DE CUIDADO INTERMEDIÁRIO NEONATAL CANGURU;2023;8;3;5;0,6
MOV;UNIDADE DE CUIDADO INTERMEDIÁRIO NEONATAL CONVENCIONAL;2023;8;3;17;0,17647058823529413
MOV;UNIDADE INTERNACAO ALTO-RISCO OBSTETRICO;2023;8;0;118;0,0
MOV;UNIDADE URGÊNCIA/EMERGÊNCIA - INTERNAÇÃO;2023;8;0;20;0,0
MOV;UTI - ADULTO;2023;8;0;19;0,0
MOV;UTI - NEONATAL;2023;8;1;2;0,5
MOV;ALOJAMENTO CONJUNTO;2023;9;0;220;0,0
MOV;CLINICA CIRÚRGICA;2023;9;0;161;0,0
MOV;PRÉ-PARTO;2023;9;0;5;0,0
MOV;UNIDADE DE CUIDADO INTERMEDIÁRIO NEONATAL CANGURU;2023;9;0;6;0,0
MOV;UNIDADE DE CUIDADO INTERMEDIÁRIO NEONATAL CONVENCIONAL;2023;9;7;18;0,3888888888888889
MOV;UNIDADE INTERNACAO ALTO-RISCO OBSTETRICO;2023;9;0;118;0,0
MOV;UNIDADE URGÊNCIA/EMERGÊNCIA - INTERNAÇÃO;2023;9;0;8;0,0
MOV;UTI - ADULTO;2023;9;1;25;0,04
MOV;ALOJAMENTO CONJUNTO;2023;10;0;236;0,0
MOV;CLINICA CIRÚRGICA;2023;10;0;182;0,0
MOV;PRÉ-PARTO;2023;10;0;5;0,0
MOV;UNIDADE DE CUIDADO INTERMEDIÁRIO NEONATAL CANGURU;2023;10;3;12;0,25
MOV;UNIDADE DE CUIDADO INTERMEDIÁRIO NEONATAL CONVENCIONAL;2023;10;6;15;0,4
MOV;UNIDADE INTERNACAO ALTO-RISCO OBSTETRICO;2023;10;0;126;0,0
MOV;UNIDADE URGÊNCIA/EMERGÊNCIA - INTERNAÇÃO;2023;10;1;17;0,058823529411764705
MOV;UTI - ADULTO;2023;10;1;36;0,027777777777777776
MOV;UTI - NEONATAL;2023;10;3;5;0,6
MOV;ALOJAMENTO CONJUNTO;2023;11;0;191;0,0
MOV;CLINICA CIRÚRGICA;2023;11;0;174;0,0
MOV;PRÉ-PARTO;2023;11;0;2;0,0
MOV;UNIDADE DE CUIDADO INTERMEDIÁRIO NEONATAL CANGURU;2023;11;6;14;0,42857142857142855
MOV;UNIDADE DE CUIDADO INTERMEDIÁRIO NEONATAL CONVENCIONAL;2023;11;2;13;0,15384615384615385
MOV;UNIDADE INTERNACAO ALTO-RISCO OBSTETRICO;2023;11;0;165;0,0
MOV;UNIDADE URGÊNCIA/EMERGÊNCIA - INTERNAÇÃO;2023;11;0;8;0,0
MOV;UTI - ADULTO;2023;11;0;27;0,0
MOV;UTI - NEONATAL;2023;11;1;1;1,0
MOV;ALOJAMENTO CONJUNTO;2023;12;0;193;0,0
MOV;CLINICA CIRÚRGICA;2023;12;0;200;0,0
MOV;PRÉ-PARTO;2023;12;0;2;0,0
MOV;UNIDADE DE CUIDADO INTERMEDIÁRIO NEONATAL CANGURU;2023;12;2;12;0,16666666666666666
MOV;UNIDADE DE CUIDADO INTERMEDIÁRIO NEONATAL CONVENCIONAL;2023;12;2;11;0,18181818181818182
MOV;UNIDADE INTERNACAO ALTO-RISCO OBSTETRICO;2023;12;0;175;0,0
MOV;UNIDADE URGÊNCIA/EMERGÊNCIA - INTERNAÇÃO;2023;12;0;14;0,0
MOV;UTI - ADULTO;2023;12;0;26;0,0
MOV;UTI - NEONATAL;2023;12;0;2;0,0
MOV;ALOJAMENTO CONJUNTO;2024;1;0;220;0,0
MOV;CLINICA CIRÚRGICA;2024;1;1;177;0,005649717514124294
MOV;PRÉ-PARTO;2024;1;1;1;1,0
MOV;UNIDADE DE CUIDADO INTERMEDIÁRIO NEONATAL CANGURU;2024;1;0;4;0,0
MOV;UNIDADE DE CUIDADO INTERMEDIÁRIO NEONATAL CONVENCIONAL;2024;1;6;10;0,6
MOV;UNIDADE INTERNACAO ALTO-RISCO OBSTETRICO;2024;1;0;95;0,0
MOV;UNIDADE URGÊNCIA/EMERGÊNCIA - INTERNAÇÃO;2024;1;0;23;0,0
MOV;UTI - ADULTO;2024;1;0;38;0,0
MOV;UTI - NEONATAL;2024;1;0;1;0,0
MOV;ALOJAMENTO CONJUNTO;2024;2;0;241;0,0
MOV;CLINICA CIRÚRGICA;2024;2;1;154;0,006493506493506494
MOV;PRÉ-PARTO;2024;2;0;3;0,0
MOV;UNIDADE DE CUIDADO INTERMEDIÁRIO NEONATAL CANGURU;2024;2;2;7;0,2857142857142857
MOV;UNIDADE DE CUIDADO INTERMEDIÁRIO NEONATAL CONVENCIONAL;2024;2;10;14;0,7142857142857143
MOV;UNIDADE INTERNACAO ALTO-RISCO OBSTETRICO;2024;2;1;136;0,007352941176470588
MOV;UNIDADE URGÊNCIA/EMERGÊNCIA - INTERNAÇÃO;2024;2;0;22;0,0
MOV;UTI - ADULTO;2024;2;0;27;0,0
MOV;UTI - NEONATAL;2024;2;0;2;0,0
MOV;ALOJAMENTO CONJUNTO;2024;3;1;271;0,0036900369003690036
MOV;CLINICA CIRÚRGICA;2024;3;0;148;0,0
MOV;PRÉ-PARTO;2024;3;0;1;0,0
MOV;UNIDADE DE CUIDADO INTERMEDIÁRIO NEONATAL CONVENCIONAL;2024;3;8;19;0,42105263157894735
MOV;UNIDADE INTERNACAO ALTO-RISCO OBSTETRICO;2024;3;0;171;0,0
MOV;UNIDADE URGÊNCIA/EMERGÊNCIA - INTERNAÇÃO;2024;3;0;19;0,0
MOV;UTI - ADULTO;2024;3;1;18;0,05555555555555555
MOV;UTI - NEONATAL;2024;3;0;3;0,0
MOV;ALOJAMENTO CONJUNTO;2024;4;1;266;0,0037593984962406013
MOV;CLINICA CIRÚRGICA;2024;4;1;197;0,005076142131979695
MOV;PRÉ-PARTO;2024;4;0;4;0,0
MOV;SALA DE ESPERA - BLOCO CIRÚRGICO;2024;4;0;1;0,0
MOV;UNIDADE DE CUIDADO INTERMEDIÁRIO NEONATAL CANGURU;2024;4;1;1;1,0
MOV;UNIDADE DE CUIDADO INTERMEDIÁRIO NEONATAL CONVENCIONAL;2024;4;7;27;0,25925925925925924
MOV;UNIDADE INTERNACAO ALTO-RISCO OBSTETRICO;2024;4;0;71;0,0
MOV;UNIDADE URGÊNCIA/EMERGÊNCIA - INTERNAÇÃO;2024;4;1;26;0,038461538461538464
MOV;UTI - ADULTO;2024;4;0;20;0,0
MOV;UTI - NEONATAL;2024;4;1;5;0,2
MOV;ALOJAMENTO CONJUNTO;2024;5;1;244;0,004098360655737705
MOV;CLINICA CIRÚRGICA;2024;5;0;201;0,0
MOV;PRÉ-PARTO;2024;5;0;10;0,0
MOV;UNIDADE DE CUIDADO INTERMEDIÁRIO NEONATAL CANGURU;2024;5;2;9;0,2222222222222222
MOV;UNIDADE DE CUIDADO INTERMEDIÁRIO NEONATAL CONVENCIONAL;2024;5;7;19;0,3684210526315789
MOV;UNIDADE INTERNACAO ALTO-RISCO OBSTETRICO;2024;5;0;107;0,0
MOV;UNIDADE URGÊNCIA/EMERGÊNCIA - INTERNAÇÃO;2024;5;0;13;0,0
MOV;UTI - ADULTO;2024;5;0;24;0,0
MOV;UTI - NEONATAL;2024;5;1;4;0,25
MOV;ALOJAMENTO CONJUNTO;2024;6;0;211;0,0
MOV;CLINICA CIRÚRGICA;2024;6;0;158;0,0
MOV;PRÉ-PARTO;2024;6;0;3;0,0
MOV;UNIDADE DE CUIDADO INTERMEDIÁRIO NEONATAL CANGURU;2024;6;1;8;0,125
MOV;UNIDADE DE CUIDADO INTERMEDIÁRIO NEONATAL CONVENCIONAL;2024;6;3;15;0,2
MOV;UNIDADE INTERNACAO ALTO-RISCO OBSTETRICO;2024;6;1;107;0,009345794392523364
MOV;UNIDADE URGÊNCIA/EMERGÊNCIA - INTERNAÇÃO;2024;6;1;18;0,05555555555555555
MOV;UTI - ADULTO;2024;6;1;36;0,027777777777777776
MOV;UTI - NEONATAL;2024;6;1;2;0,5
MOV;ALOJAMENTO CONJUNTO;2024;7;0;228;0,0
MOV;CLINICA CIRÚRGICA;2024;7;0;156;0,0
MOV;PRÉ-PARTO;2024;7;0;1;0,0
MOV;UNIDADE DE CUIDADO INTERMEDIÁRIO NEONATAL CANGURU;2024;7;3;6;0,5
MOV;UNIDADE DE CUIDADO INTERMEDIÁRIO NEONATAL CONVENCIONAL;2024;7;2;16;0,125
MOV;UNIDADE INTERNACAO ALTO-RISCO OBSTETRICO;2024;7;0;118;0,0
MOV;UNIDADE URGÊNCIA/EMERGÊNCIA - INTERNAÇÃO;2024;7;0;25;0,0
MOV;UTI - ADULTO;2024;7;0;19;0,0
MOV;ALOJAMENTO CONJUNTO;2024;8;0;224;0,0
MOV;CLINICA CIRÚRGICA;2024;8;0;180;0,0
MOV;PRÉ-PARTO;2024;8;0;4;0,0
MOV;UNIDADE DE CUIDADO INTERMEDIÁRIO NEONATAL CANGURU;2024;8;5;13;0,38461538461538464
MOV;UNIDADE DE CUIDADO INTERMEDIÁRIO NEONATAL CONVENCIONAL;2024;8;3;19;0,15789473684210525
MOV;UNIDADE INTERNACAO ALTO-RISCO OBSTETRICO;2024;8;0;97;0,0
MOV;UNIDADE URGÊNCIA/EMERGÊNCIA - INTERNAÇÃO;2024;8;0;15;0,0
MOV;UTI - ADULTO;2024;8;0;28;0,0
MOV;UTI - NEONATAL;2024;8;0;1;0,0
MOV;ALOJAMENTO CONJUNTO;2024;9;0;240;0,0
MOV;CLINICA CIRÚRGICA;2024;9;2;178;0,011235955056179775
MOV;PRÉ-PARTO;2024;9;0;9;0,0
MOV;UNIDADE DE CUIDADO INTERMEDIÁRIO NEONATAL CANGURU;2024;9;4;9;0,4444444444444444
MOV;UNIDADE DE CUIDADO INTERMEDIÁRIO NEONATAL CONVENCIONAL;2024;9;4;28;0,14285714285714285
MOV;UNIDADE INTERNACAO ALTO-RISCO OBSTETRICO;2024;9;0;117;0,0
MOV;UNIDADE URGÊNCIA/EMERGÊNCIA - INTERNAÇÃO;2024;9;0;19;0,0
MOV;UTI - ADULTO;2024;9;0;25;0,0
MOV;UTI - NEONATAL;2024;9;0;3;0,0
MOV;ALOJAMENTO CONJUNTO;2024;10;0;208;0,0
MOV;CLINICA CIRÚRGICA;2024;10;0;156;0,0
MOV;PRÉ-PARTO;2024;10;0;1;0,0
MOV;UNIDADE DE CUIDADO INTERMEDIÁRIO NEONATAL CANGURU;2024;10;2;8;0,25
MOV;UNIDADE DE CUIDADO INTERMEDIÁRIO NEONATAL CONVENCIONAL;2024;10;3;15;0,2
MOV;UNIDADE INTERNACAO ALTO-RISCO OBSTETRICO;2024;10;3;88;0,03409090909090909
MOV;UNIDADE URGÊNCIA/EMERGÊNCIA - INTERNAÇÃO;2024;10;1;26;0,038461538461538464
MOV;UTI - ADULTO;2024;10;0;32;0,0
MOV;UTI - NEONATAL;2024;10;1;6;0,16666666666666666
MOV;ALOJAMENTO CONJUNTO;2024;11;0;217;0,0
MOV;CLINICA CIRÚRGICA;2024;11;3;132;0,022727272727272728
MOV;PRÉ-PARTO;2024;11;0;1;0,0
MOV;UNIDADE DE CUIDADO INTERMEDIÁRIO NEONATAL CANGURU;2024;11;1;10;0,1
MOV;UNIDADE DE CUIDADO INTERMEDIÁRIO NEONATAL CONVENCIONAL;2024;11;6;20;0,3
MOV;UNIDADE INTERNACAO ALTO-RISCO OBSTETRICO;2024;11;2;76;0,02631578947368421
MOV;UNIDADE URGÊNCIA/EMERGÊNCIA - INTERNAÇÃO;2024;11;0;22;0,0
MOV;UTI - ADULTO;2024;11;0;32;0,0
MOV;UTI - NEONATAL;2024;11;0;6;0,0
MOV;ALOJAMENTO CONJUNTO;2024;12;0;233;0,0
MOV;CLINICA CIRÚRGICA;2024;12;0;110;0,0
MOV;PRÉ-PARTO;2024;12;0;3;0,0
MOV;UNIDADE DE CUIDADO INTERMEDIÁRIO NEONATAL CANGURU;2024;12;3;14;0,21428571428571427
MOV;UNIDADE DE CUIDADO INTERMEDIÁRIO NEONATAL CONVENCIONAL;2024;12;5;20;0,25
MOV;UNIDADE INTERNACAO ALTO-RISCO OBSTETRICO;2024;12;0;117;0,0
MOV;UNIDADE URGÊNCIA/EMERGÊNCIA - INTERNAÇÃO;2024;12;0;18;0,0
MOV;UTI - ADULTO;2024;12;1;23;0,043478260869565216
MOV;UTI - NEONATAL;2024;12;0;3;0,0
MOV;ALOJAMENTO CONJUNTO;2025;1;0;266;0,0
MOV;CLINICA CIRÚRGICA;2025;1;0;114;0,0
MOV;PRÉ-PARTO;2025;1;0;8;0,0
MOV;UNIDADE DE CUIDADO INTERMEDIÁRIO NEONATAL CANGURU;2025;1;4;13;0,3076923076923077
MOV;UNIDADE DE CUIDADO INTERMEDIÁRIO NEONATAL CONVENCIONAL;2025;1;5;24;0,20833333333333334
MOV;UNIDADE INTERNACAO ALTO-RISCO OBSTETRICO;2025;1;0;96;0,0
MOV;UNIDADE URGÊNCIA/EMERGÊNCIA - INTERNAÇÃO;2025;1;0;32;0,0
MOV;UTI - ADULTO;2025;1;1;33;0,030303030303030304
MOV;UTI - NEONATAL;2025;1;0;7;0,0
MOV;ALOJAMENTO CONJUNTO;2025;2;0;259;0,0
MOV;CLINICA CIRÚRGICA;2025;2;0;131;0,0
MOV;PRÉ-PARTO;2025;2;0;13;0,0
MOV;UNIDADE DE CUIDADO INTERMEDIÁRIO NEONATAL CANGURU;2025;2;0;10;0,0
MOV;UNIDADE DE CUIDADO INTERMEDIÁRIO NEONATAL CONVENCIONAL;2025;2;5;23;0,21739130434782608
MOV;UNIDADE INTERNACAO ALTO-RISCO OBSTETRICO;2025;2;1;74;0,013513513513513514
MOV;UNIDADE URGÊNCIA/EMERGÊNCIA - INTERNAÇÃO;2025;2;0;27;0,0
MOV;UTI - ADULTO;2025;2;0;28;0,0
MOV;UTI - NEONATAL;2025;2;3;10;0,3
MOV;ALOJAMENTO CONJUNTO;2025;3;0;270;0,0
MOV;CLINICA CIRÚRGICA;2025;3;1;166;0,006024096385542169
MOV;PRÉ-PARTO;2025;3;1;15;0,06666666666666667
MOV;UNIDADE DE CUIDADO INTERMEDIÁRIO NEONATAL CANGURU;2025;3;0;2;0,0
MOV;UNIDADE DE CUIDADO INTERMEDIÁRIO NEONATAL CONVENCIONAL;2025;3;8;26;0,3076923076923077
MOV;UNIDADE INTERNACAO ALTO-RISCO OBSTETRICO;2025;3;0;149;0,0
MOV;UNIDADE URGÊNCIA/EMERGÊNCIA - INTERNAÇÃO;2025;3;0;31;0,0
MOV;UTI - ADULTO;2025;3;0;29;0,0
MOV;UTI - NEONATAL;2025;3;1;5;0,2
MOV;ALOJAMENTO CONJUNTO;2025;4;0;276;0,0
MOV;CLINICA CIRÚRGICA;2025;4;0;159;0,0
MOV;PRÉ-PARTO;2025;4;0;12;0,0
MOV;UNIDADE DE CUIDADO INTERMEDIÁRIO NEONATAL CANGURU;2025;4;0;1;0,0
MOV;UNIDADE DE CUIDADO INTERMEDIÁRIO NEONATAL CONVENCIONAL;2025;4;7;21;0,3333333333333333
MOV;UNIDADE INTERNACAO ALTO-RISCO OBSTETRICO;2025;4;0;100;0,0
MOV;UNIDADE URGÊNCIA/EMERGÊNCIA - INTERNAÇÃO;2025;4;0;26;0,0
MOV;UTI - ADULTO;2025;4;0;26;0,0
MOV;UTI - NEONATAL;2025;4;0;7;0,0
MOV;ALOJAMENTO CONJUNTO;2025;5;0;233;0,0
MOV;CLINICA CIRÚRGICA;2025;5;0;240;0,0
MOV;PRÉ-PARTO;2025;5;2;8;0,25
MOV;UNIDADE DE CUIDADO INTERMEDIÁRIO NEONATAL CANGURU;2025;5;1;5;0,2
MOV;UNIDADE DE CUIDADO INTERMEDIÁRIO NEONATAL CONVENCIONAL;2025;5;15;34;0,4411764705882353
MOV;UNIDADE INTERNACAO ALTO-RISCO OBSTETRICO;2025;5;0;105;0,0
MOV;UNIDADE URGÊNCIA/EMERGÊNCIA - INTERNAÇÃO;2025;5;0;12;0,0
MOV;UTI - ADULTO;2025;5;0;24;0,0
MOV;UTI - NEONATAL;2025;5;1;4;0,25
MOV;ALOJAMENTO CONJUNTO;2025;6;0;205;0,0
MOV;CLINICA CIRÚRGICA;2025;6;0;210;0,0
MOV;PRÉ-PARTO;2025;6;0;4;0,0
MOV;UNIDADE DE CUIDADO INTERMEDIÁRIO NEONATAL CANGURU;2025;6;3;9;0,3333333333333333
MOV;UNIDADE DE CUIDADO INTERMEDIÁRIO NEONATAL CONVENCIONAL;2025;6;5;25;0,2
MOV;UNIDADE INTERNACAO ALTO-RISCO OBSTETRICO;2025;6;0;114;0,0
MOV;UNIDADE URGÊNCIA/EMERGÊNCIA - INTERNAÇÃO;2025;6;1;8;0,125
MOV;UTI - ADULTO;2025;6;0;16;0,0
MOV;UTI - NEONATAL;2025;6;3;6;0,5
MOV;ALOJAMENTO CONJUNTO;2025;7;0;204;0,0
MOV;CLINICA CIRÚRGICA;2025;7;0;185;0,0
MOV;PRÉ-PARTO;2025;7;0;2;0,0
MOV;UNIDADE DE CUIDADO INTERMEDIÁRIO NEONATAL CANGURU;2025;7;2;10;0,2
MOV;UNIDADE DE CUIDADO INTERMEDIÁRIO NEONATAL CONVENCIONAL;2025;7;5;29;0,1724137931034483
MOV;UNIDADE INTERNACAO ALTO-RISCO OBSTETRICO;2025;7;0;107;0,0
MOV;UNIDADE URGÊNCIA/EMERGÊNCIA - INTERNAÇÃO;2025;7;4;7;0,5714285714285714
MOV;UTI - ADULTO;2025;7;1;17;0,058823529411764705
MOV;UTI - NEONATAL;2025;7;1;3;0,3333333333333333
MOV;ALOJAMENTO CONJUNTO;2025;8;1;216;0,004629629629629629
MOV;CLINICA CIRÚRGICA;2025;8;0;144;0,0
MOV;PRÉ-PARTO;2025;8;0;3;0,0
MOV;UNIDADE DE CUIDADO INTERMEDIÁRIO NEONATAL CANGURU;2025;8;3;9;0,3333333333333333
MOV;UNIDADE DE CUIDADO INTERMEDIÁRIO NEONATAL CONVENCIONAL;2025;8;8;22;0,36363636363636365
MOV;UNIDADE INTERNACAO ALTO-RISCO OBSTETRICO;2025;8;0;93;0,0
MOV;UNIDADE URGÊNCIA/EMERGÊNCIA - INTERNAÇÃO;2025;8;1;23;0,043478260869565216
MOV;UTI - ADULTO;2025;8;2;21;0,09523809523809523
MOV;UTI - NEONATAL;2025;8;1;5;0,2
MOV;ALOJAMENTO CONJUNTO;2025;9;0;224;0,0
MOV;CLINICA CIRÚRGICA;2025;9;0;175;0,0
MOV;PRÉ-PARTO;2025;9;0;5;0,0
MOV;SALA DE ESPERA - BLOCO CIRÚRGICO;2025;9;0;1;0,0
MOV;UNIDADE DE CUIDADO INTERMEDIÁRIO NEONATAL CANGURU;2025;9;3;13;0,23076923076923078
MOV;UNIDADE DE CUIDADO INTERMEDIÁRIO NEONATAL CONVENCIONAL;2025;9;6;18;0,3333333333333333
MOV;UNIDADE INTERNACAO ALTO-RISCO OBSTETRICO;2025;9;0;107;0,0
MOV;UNIDADE URGÊNCIA/EMERGÊNCIA - INTERNAÇÃO;2025;9;0;24;0,0
MOV;UTI - ADULTO;2025;9;1;27;0,037037037037037035
MOV;UTI - NEONATAL;2025;9;1;6;0,16666666666666666
MOV;ALOJAMENTO CONJUNTO;2025;10;0;205;0,0
MOV;CLINICA CIRÚRGICA;2025;10;1;174;0,005747126436781609
MOV;PRÉ-PARTO;2025;10;0;4;0,0
MOV;UNIDADE DE CUIDADO INTERMEDIÁRIO NEONATAL CANGURU;2025;10;2;12;0,16666666666666666
MOV;UNIDADE DE CUIDADO INTERMEDIÁRIO NEONATAL CONVENCIONAL;2025;10;10;30;0,3333333333333333
MOV;UNIDADE INTERNACAO ALTO-RISCO OBSTETRICO;2025;10;0;105;0,0
MOV;UNIDADE URGÊNCIA/EMERGÊNCIA - INTERNAÇÃO;2025;10;0;36;0,0
MOV;UTI - ADULTO;2025;10;0;23;0,0
MOV;UTI - NEONATAL;2025;10;1;2;0,5
MOV;ALOJAMENTO CONJUNTO;2025;11;0;208;0,0
MOV;CLINICA CIRÚRGICA;2025;11;1;181;0,0055248618784530384
MOV;PRÉ-PARTO;2025;11;0;2;0,0
MOV;SALA DE ESPERA - BLOCO CIRÚRGICO;2025;11;0;2;0,0
MOV;SALA DE ESPERA - BLOCO OBSTÉTRICO;2025;11;0;2;0,0
MOV;UNIDADE DE CUIDADO INTERMEDIÁRIO NEONATAL CANGURU;2025;11;1;12;0,08333333333333333
MOV;UNIDADE DE CUIDADO INTERMEDIÁRIO NEONATAL CONVENCIONAL;2025;11;2;19;0,10526315789473684
MOV;UNIDADE INTERNACAO ALTO-RISCO OBSTETRICO;2025;11;0;86;0,0
MOV;UNIDADE URGÊNCIA/EMERGÊNCIA - INTERNAÇÃO;2025;11;0;26;0,0
MOV;UTI - ADULTO;2025;11;1;21;0,047619047619047616
MOV;UTI - NEONATAL;2025;11;0;3;0,0
MOV;ALOJAMENTO CONJUNTO;2025;12;0;212;0,0
MOV;CLINICA CIRÚRGICA;2025;12;0;144;0,0
MOV;PRÉ-PARTO;2025;12;0;4;0,0
MOV;SALA DE ESPERA - BLOCO CIRÚRGICO;2025;12;0;5;0,0
MOV;SALA DE ESPERA - BLOCO OBSTÉTRICO;2025;12;0;1;0,0
MOV;UNIDADE DE CUIDADO INTERMEDIÁRIO NEONATAL CANGURU;2025;12;4;13;0,3076923076923077
MOV;UNIDADE DE CUIDADO INTERMEDIÁRIO NEONATAL CONVENCIONAL;2025;12;8;21;0,38095238095238093
MOV;UNIDADE INTERNACAO ALTO-RISCO OBSTETRICO;2025;12;0;96;0,0
MOV;UNIDADE URGÊNCIA/EMERGÊNCIA - INTERNAÇÃO;2025;12;0;31;0,0
MOV;UTI - ADULTO;2025;12;0;26;0,0
MOV;UTI - NEONATAL;2025;12;0;5;0,0
MOV;ALOJAMENTO CONJUNTO;2026;1;0;204;0,0
MOV;CLINICA CIRÚRGICA;2026;1;0;177;0,0
MOV;PRÉ-PARTO;2026;1;0;7;0,0
MOV;SALA DE ESPERA - BLOCO CIRÚRGICO;2026;1;0;3;0,0
MOV;SALA DE ESPERA - BLOCO OBSTÉTRICO;2026;1;0;1;0,0
MOV;UNIDADE DE CUIDADO INTERMEDIÁRIO NEONATAL CANGURU;2026;1;3;9;0,3333333333333333
MOV;UNIDADE DE CUIDADO INTERMEDIÁRIO NEONATAL CONVENCIONAL;2026;1;5;20;0,25
MOV;UNIDADE INTERNACAO ALTO-RISCO OBSTETRICO;2026;1;0;95;0,0
MOV;UNIDADE URGÊNCIA/EMERGÊNCIA - INTERNAÇÃO;2026;1;0;21;0,0
MOV;UTI - ADULTO;2026;1;0;27;0,0
MOV;UTI - NEONATAL;2026;1;0;6;0,0
MOV;ALOJAMENTO CONJUNTO;2026;2;0;198;0,0
MOV;CLINICA CIRÚRGICA;2026;2;1;200;0,005
MOV;PRÉ-PARTO;2026;2;0;2;0,0
MOV;SALA DE ESPERA - BLOCO CIRÚRGICO;2026;2;0;1;0,0
MOV;UNIDADE DE CUIDADO INTERMEDIÁRIO NEONATAL CANGURU;2026;2;1;6;0,16666666666666666
MOV;UNIDADE DE CUIDADO INTERMEDIÁRIO NEONATAL CONVENCIONAL;2026;2;7;21;0,3333333333333333
MOV;UNIDADE INTERNACAO ALTO-RISCO OBSTETRICO;2026;2;0;100;0,0
MOV;UNIDADE URGÊNCIA/EMERGÊNCIA - INTERNAÇÃO;2026;2;1;20;0,05
MOV;UTI - ADULTO;2026;2;0;30;0,0
MOV;UTI - NEONATAL;2026;2;3;8;0,375
MOV;ALOJAMENTO CONJUNTO;2026;3;0;239;0,0
MOV;CLINICA CIRÚRGICA;2026;3;2;232;0,008620689655172414
MOV;PRÉ-PARTO;2026;3;0;3;0,0
MOV;SALA DE ESPERA - BLOCO CIRÚRGICO;2026;3;0;2;0,0
MOV;UNIDADE DE CUIDADO INTERMEDIÁRIO NEONATAL CANGURU;2026;3;3;10;0,3
MOV;UNIDADE DE CUIDADO INTERMEDIÁRIO NEONATAL CONVENCIONAL;2026;3;8;28;0,2857142857142857
MOV;UNIDADE INTERNACAO ALTO-RISCO OBSTETRICO;2026;3;0;96;0,0
MOV;UNIDADE URGÊNCIA/EMERGÊNCIA - INTERNAÇÃO;2026;3;0;21;0,0
MOV;UTI - ADULTO;2026;3;0;17;0,0
MOV;UTI - NEONATAL;2026;3;0;7;0,0
MOV;ALOJAMENTO CONJUNTO;2026;4;0;218;0,0
MOV;CLINICA CIRÚRGICA;2026;4;1;183;0,00546448087431694
MOV;PRÉ-PARTO;2026;4;0;1;0,0
MOV;SALA DE ESPERA - BLOCO CIRÚRGICO;2026;4;0;4;0,0
MOV;SALA DE ESPERA - BLOCO OBSTÉTRICO;2026;4;0;3;0,0
MOV;UNIDADE DE CUIDADO INTERMEDIÁRIO NEONATAL CANGURU;2026;4;3;13;0,23076923076923078
MOV;UNIDADE DE CUIDADO INTERMEDIÁRIO NEONATAL CONVENCIONAL;2026;4;6;28;0,21428571428571427
MOV;UNIDADE INTERNACAO ALTO-RISCO OBSTETRICO;2026;4;0;96;0,0
MOV;UNIDADE URGÊNCIA/EMERGÊNCIA - INTERNAÇÃO;2026;4;1;16;0,0625
MOV;UTI - ADULTO;2026;4;1;25;0,04
MOV;UTI - NEONATAL;2026;4;0;5;0,0
MOV;ALOJAMENTO CONJUNTO;2026;5;1;237;0,004219409282700422
MOV;CLINICA CIRÚRGICA;2026;5;0;215;0,0
MOV;PRÉ-PARTO;2026;5;0;1;0,0
MOV;SALA DE ESPERA - BLOCO CIRÚRGICO;2026;5;0;2;0,0
MOV;UNIDADE DE CUIDADO INTERMEDIÁRIO NEONATAL CANGURU;2026;5;2;4;0,5
MOV;UNIDADE DE CUIDADO INTERMEDIÁRIO NEONATAL CONVENCIONAL;2026;5;8;27;0,2962962962962963
MOV;UNIDADE INTERNACAO ALTO-RISCO OBSTETRICO;2026;5;1;100;0,01
MOV;UNIDADE URGÊNCIA/EMERGÊNCIA - INTERNAÇÃO;2026;5;2;34;0,058823529411764705
MOV;UTI - ADULTO;2026;5;1;26;0,038461538461538464
MOV;UTI - NEONATAL;2026;5;1;3;0,3333333333333333
